Plot,FT,Direction,PME,TotalRootBiomass,PercentNecro,SRL,SRA,D,RTD,Tips,rN,rC,rC_percent,rN_percent,rAl,rCa,rFe,rK,rMg,rP,BA,BA_ECM,rC_N,rN_P,rC_P
CN2,Early secondary,C,19.8106060606061,3.522,0.125780806360023,26.8542568965517,254.817873563218,0.3325,0.393613990098657,2.81772770524708,10,422.8,42.28,1,9.216,5.4792,4.0068,1.5348,1.0656,0.2736,19.2425051432108,0,49.285595337219,80.8531746031746,3984.89684522157
CN2,Early secondary,NW,23.0113636363636,2.025,0.177283950617284,28.4586707175926,255.628240740741,0.31625,0.384818610105473,2.70653773703555,8.5,443.4,44.34,0.85,8.1804,4.842,2.8068,0.1548,1.1556,0.2772,19.2425051432108,0,60.8081500710193,67.8326633683776,4124.77877382124
CN2,Early secondary,NE,10.7111436950147,5.231,0.224240107054101,23.8337400744417,254.57841191067,0.38345,0.335266926493248,2.98622160740751,10.6,427.8,42.78,1.06,14.0928,5.3964,7.1316,1.9176,1.4376,0.336,19.2425051432108,0,47.0457009096193,69.7878401360543,3283.21785416914
CN2,Early secondary,SW,16.1857707509881,1.547,0.134453781512605,19.4717826086957,277.967391304348,0.4795,0.264863123224898,1.9201923485,15,443.1,44.31,1.5,8.9064,4.3776,4.0812,1.5876,1.0572,0.3348,19.2425051432108,0,34.4346378018318,99.1103430619558,3412.82876575374
CN2,Early secondary,SE,69.5017482517482,3.125,0.4144,35.2512377622378,367.911713286713,0.3561,0.276478405315615,1.98174581903867,9.3,415.8,41.58,0.93,12.8435643564356,6.53346534653465,2.24910891089109,0.177029702970297,0.856633663366337,0.387326732673267,19.2425051432108,0,52.1178587736026,53.1151785714284,2768.24937552039
W38,Early secondary,C,102.056711695266,3.244,0.102034525277435,31.6346881481481,310.211851851852,0.3405,0.309808280077799,2.70353084444355,20.8,470.3,47.03,2.08,6.18917647058824,3.864,2.51858823529412,2.51152941176471,2.14588235294118,0.369882352941176,20.981263975,0,26.357042208416,124.397855325336,3278.75952344632
W38,Early secondary,NW,108.671841516263,1.113,0.387241689128482,53.3159209486166,431.628063241107,0.28325,0.277153717241882,2.37226929151413,18.3,450.3,45.03,1.83,9.4815,3.2265,2.778,1.9425,2.28,0.402,20.981263975,0,28.6837471505985,100.702025586354,2888.51143947209
W38,Early secondary,NE,96.8331825325016,4.417,0.240887480190174,14.8671055900621,254.141718426501,0.5752,0.254231755219076,1.99620565822361,16.7,442.9,44.29,1.67,8.6136,4.6992,4.3128,3.7356,1.3752,0.4332,20.981263975,0,30.9153549686639,85.2788220551376,2636.4250551441
W38,Early secondary,SW,84.433734939759,3.821,0.358283171944517,16.2755258333333,242.621166666667,0.49245,0.291176512123823,2.2118843901664,15.5,423,42.3,1.55,10.0488,3.684,5.1012,3.6972,1.788,0.3264,20.981263975,0,31.8121995111599,105.049676120449,3341.86125532645
W38,Early secondary,SE,81.889942213997,2.837,0.126894606979203,33.2488453663793,283.783351293103,0.2985,0.404096912889583,2.74835468259833,15.3,452.4,45.24,1.53,7.05,6.6984,3.63,3.1488,1.4532,0.3492,20.981263975,0,34.4680086855725,96.9237849779089,3340.76986245713
W45,Early secondary,C,88.4805057955743,5.462,0.0289271329183449,25.77282,297.474,0.40105,0.281799707880866,2.68399960743954,17.7,455.4,45.54,1.77,4.614,4.8024,2.34,1.2132,1.8048,0.3768,21.8104481,0,29.9919558559958,103.914353958143,3116.59471671695
W45,Early secondary,NW,48.7129309047117,4.433,0.111888111888112,49.4404047619048,445.164285714286,0.30955,0.264680655050272,1.59507294115487,14.5,444.9,44.49,1.45,5.53866666666667,7.97333333333334,2.12933333333333,1.496,2.36,0.373333333333333,21.8104481,0,35.7667461023858,85.9180484693883,3073.00902521709
W45,Early secondary,NE,43.8910764793966,2.12,0.171698113207547,25.8628863636364,331.567583732057,0.43145,0.219671828908555,2.10817886671762,17.3,451.4,45.14,1.73,6.9816,6.432,3.1716,3.1572,3.738,0.4776,21.8104481,0,30.4158865685145,80.1299653027044,2437.22393538606
W45,Early secondary,SW,33.728867915884,4.447,0.327861479649202,35.7794652173913,366.157304347826,0.35025,0.296281201152794,1.46718417057523,11.9,446.7,44.67,1.19,4.3092,6.4212,1.8252,1.5636,1.6068,0.5268,21.8104481,0,43.7576529362786,49.9705770690963,2186.59516841508
W45,Early secondary,SE,17.3234984193888,3.611,0.17335918028247,41.469625,384.089583333333,0.32545,0.289636672195682,2.03110035946081,14.1,451.5,45.15,1.41,7.92514285714286,5.00742857142857,3.29142857142857,2.03314285714286,1.212,0.567428571428571,21.8104481,0,37.327050153241,54.9694108761329,2051.84595666753
W46,Early secondary,C,103.506907545165,3.253,0.277589916999693,60.660975,449.069,0.2607,0.312241569864051,2.21854378323681,13.2,447.8,44.78,1.32,6.52352941176471,4.72941176470588,2.83764705882353,2.76823529411765,1.53764705882353,0.531764705882353,14.905325625,0,39.5453283879595,54.9120417193425,2171.51472224473
W46,Early secondary,NW,33.7584130357776,5.096,0.104199372056515,31.0596990740741,339.075694444444,0.36765,0.313026542259263,1.46894652673651,16.8,459.7,45.97,1.68,5.6232,8.484,2.292,2.2392,1.896,0.45,14.905325625,0,31.8970302525673,82.5866666666667,2634.26940512536
W46,Early secondary,NE,60.2310513866511,2.0038,0.153707954885717,56.6384702060932,356.203673835125,0.22825,0.424906630255813,2.97116159174418,24.7,449.1,44.91,2.47,12.2914285714286,3.98448979591837,6.04897959183674,2.17714285714286,0.979591836734694,0.48734693877551,14.905325625,0,21.1948882004538,112.117106365159,2376.30953476793
W46,Early secondary,SW,22.2206986390593,3.1966,0.412313082650316,27.934379539815,267.861019625536,0.3307,0.341774536735111,2.29459263705739,12.6,450.3,45.03,1.26,7.266,6.7524,3.2112,2.79,1.7556,0.4416,14.905325625,0,41.6597280044408,63.1182065217393,2629.48731582378
W46,Early secondary,SE,66.9500531349628,2.3434,0.16215754886063,30.4152187360926,355.167489986649,0.3965,0.248529411764706,1.82968494174685,18.2,409.4,40.94,1.82,15.3888,6.5376,7.4208,3.4728,6.5388,0.4812,14.905325625,0,26.2217382950105,83.6679135494595,2193.91813278349
W59,Early secondary,C,72.0574833508588,5.53,0.15877034358047,25.4214844827586,233.736954022989,0.3222,0.393834059734217,2.92673774309021,18,417.5,41.75,1.8,6.312,4.3128,3.2472,4.4172,1.5192,0.444,14.015508775,0.1134115,27.0376538070125,89.6814671814675,2424.77646255748
W59,Early secondary,NW,80.9498773221171,5.666,0.43328626897282,48.9319041666667,401.73375,0.2902,0.286287406356181,2.63504283155528,13.7,411.1,41.11,1.37,3.3996,3.972,2.2464,2.7072,3.474,0.4212,14.015508775,0.1134115,34.9793663431326,71.9524148690816,2516.84987897866
W59,Early secondary,NE,142.157378198388,3.238,0.312229771463867,17.5530708333333,254.736,0.48515,0.281095280733172,3.09216406833297,9.2,403,40.3,0.92,12.8651612903226,5.26645161290323,3.55548387096774,0.452903225806452,1.23290322580645,0.383225806451613,14.015508775,0.1134115,51.0625203634653,53.1063251563252,2711.74280972366
W59,Early secondary,SW,45.0645744021138,4.782,0.17461313258051,32.573491902834,247.461234817814,0.26925,0.511644486692015,3.23764562876565,13.3,329.4,32.94,1.33,15.5805405405405,4.11405405405405,4.51621621621622,0.168648648648649,1.19513513513514,0.377837837837838,14.015508775,0.1134115,28.8706779438187,77.8680615164518,2248.10372615095
W59,Early secondary,SE,166.351209253417,7.799,0.19605077574048,39.2732884615385,365.549198717949,0.32795,0.285387606359582,2.76913554953514,12.2,444,44.4,1.22,3.5712,4.7928,1.902,1.6536,1.6188,0.3396,14.015508775,0.1134115,42.4236633406588,79.4703853272758,3371.42487267678
W60,Early secondary,C,29.4825819672131,7.383,0.258296085602059,43.0128558333333,324.561916666667,0.2666,0.302286462376886,2.79209328095141,12.5,463.7,46.37,1.25,3.6288,4.4412,1.9356,2.0952,2.0388,0.3828,32.973194375,0,43.2426311407161,72.235594864905,3123.65718397329
W60,Early secondary,NW,54.5729076790336,6.02,0.292691029900332,26.6615789473684,351.876315789474,0.4458,0.229746070133011,2.38447897591869,17.5,448.7,44.87,1.75,6.504,6.1944,3.1176,5.4516,3.3432,0.4656,32.973194375,0,29.8884263114071,83.1454037800689,2485.08527401278
W60,Early secondary,NE,54.8497267759563,5.882,0.204182250935056,32.7819829545455,304.709848484849,0.32215,0.284002394814494,3.86413701870979,9.1,406.8,40.68,0.91,15.5881188118812,2.63524752475247,4.87366336633663,0.538217821782178,1.72514851485148,0.36950495049505,32.973194375,0,52.1104208031768,54.4796489817793,2838.95743364988
W60,Early secondary,SW,40.2151639344262,4.382,0.452076677316294,46.5191,298.873958333333,0.2313,0.446250829462508,3.20628052941573,12.5,447,44.7,1.25,5.12910891089109,3.29465346534653,1.81069306930693,0.236435643564356,1.33069306930693,0.316039603960396,32.973194375,0,41.6852622814321,87.4946853741494,3647.2389080528
W60,Early secondary,SE,52.7127244340359,5.405,0.570212765957447,20.7215137844612,306.392857142857,0.49465,0.235798678325879,1.90804728661183,16.3,441.7,44.17,1.63,10.3044,4.5132,3.6432,2.3364,2.49,0.4644,32.973194375,0,31.588195930794,77.644118370862,2452.63762397255
WC1,Early secondary,C,40.3401855557577,4.051,0.213774376697112,23.3616407867495,311.270082815735,0.4469,0.245235582593581,2.23485454177839,13.7,431.6,43.16,1.37,6.5172,4.7112,2.862,0.2208,1.6944,0.3972,20.4780531561227,0,36.7236548618244,76.2999928067905,2802.01460179626
WC1,Early secondary,NW,16.0116557083084,3.889,0.159681151967087,21.7751404761905,263.257857142857,0.4243,0.327405558787805,2.6262922310785,12,422.5,42.25,1.2,9.50666666666667,6.18133333333333,3.78666666666667,0.212,1.21466666666667,0.438666666666667,20.4780531561227,0,41.0421870663336,60.5145462440297,2483.64932718176
WC1,Early secondary,NE,15.3541542139868,2.253,0.38393253439858,51.390077764977,357.601497695853,0.2485,0.379668883186211,2.34184863898716,13.4,371.7,37.17,1.34,7.19302325581396,5.0846511627907,2.59116279069767,0.265116279069767,1.52093023255814,0.424186046511628,20.4780531561227,0,32.3349944697827,69.8813988095238,2259.61464404663
WC1,Early secondary,SW,33.6638166272512,3.637,0.448171569975254,35.4763260869565,352.134782608696,0.34565,0.29557958641624,2.76432745673625,17.6,455.4,45.54,1.76,11.56,5.09217391304348,4.11652173913043,0.318260869565217,2.19652173913043,0.633043478260869,20.4780531561227,0,30.1623646960865,61.5024332810048,1855.0588223184
WC1,Early secondary,SE,18.4498904164176,2.414,0.326014913007456,47.3962938988095,353.656994047619,0.2632,0.394235370522286,2.69238415691826,11.8,405.5,40.55,1.18,4.7560396039604,3.36118811881188,2.4760396039604,0.238811881188119,0.773465346534653,0.418217821782178,20.4780531561227,0,40.0584258880312,62.4155269209959,2500.26775942713
W01,Mature secondary,C,79.5352697095436,3.492,0.194730813287514,16.8044385185185,211.765333333333,0.4284,0.277475276165066,4.35302912745288,14.9,412.8,41.28,1.49,3.74376237623762,4.32712871287129,2.68871287128713,1.42693069306931,1.26059405940594,0.367128712871287,22.81228235,0,32.2952349552108,89.780307058098,2899.47611079225
W01,Mature secondary,NW,31.367956096908,4.909,0.192707272356895,22.8575954664342,269.225174367916,0.4067,0.269213846879158,2.37956310488018,15,449,44.9,1.5,5.60119047619048,3.40714285714286,4.24761904761905,2.80952380952381,2.29285714285714,0.444047619047619,22.81228235,0,34.8931446017209,74.7265415549599,2607.44402006372
W01,Mature secondary,NE,27.7119146413752,0.387,0.0387596899224806,39.4563974867725,337.868121693122,0.3001,0.320033649964508,2.69111193071281,22.1,482.9,48.29,2.21,9.98787878787879,4.88080808080808,4.63838383838384,0.61010101010101,1.32121212121212,0.517171717171717,22.81228235,0,25.4712324947913,94.5302218191968,2407.80125774095
W01,Mature secondary,SW,42.8509681881051,2.73,0.0948717948717949,38.1315125,369.69625,0.34235,0.217424527414653,2.12667306840465,17.9,417.9,41.79,1.79,8.2718903036239,3.91733594515181,5.10910871694417,3.36611165523996,1.42683643486778,0.508912830558276,22.81228235,0,27.2147512082575,77.8077398823272,2117.51828297435
W01,Mature secondary,SE,84.3591516828031,1.396,0.316618911174785,16.3934615384615,247.768803418803,0.50285,0.226820775297869,4.03191465425913,15.6,411.9,41.19,1.56,8.10386521308226,3.83548067393459,4.23746283448959,3.47274529236868,1.19286422200198,0.645787908820615,22.81228235,0,30.7788381476975,53.4377124440936,1644.75070229996
W02,Mature secondary,C,45.1731832735034,1.188,0.0547138047138047,35.479669599218,330.540615835777,0.32025,0.339220959544897,2.05747127910096,21.4,515.8,51.58,2.14,NA,NA,NA,NA,NA,NA,18.978164875,0,28.0965239247667,NA,NA
W02,Mature secondary,NW,52.287671704479,1.79,0.327374301675978,31.6517914746544,327.371198156682,0.35005,0.32085400211478,1.92088069672776,18.4,460,46,1.84,9.81384083044983,4.79377162629758,5.65121107266436,1.18754325259516,1.28512110726644,0.398615916955017,18.978164875,0,29.142381348876,102.111899801587,2975.78392427606
W02,Mature secondary,NE,33.8003924673804,1.463,0,28.9887657450077,308.947311827957,0.36055,0.305018176027412,2.09328950583057,18.5,449.6,44.96,1.85,6.30715025906736,5.15316062176166,3.91834196891192,1.94611398963731,1.71357512953368,0.666528497409326,18.978164875,0,28.3295451988208,61.3996896099857,1739.42528199966
W02,Mature secondary,SW,38.1621075099703,0.831,0.270758122743682,51.5363684210526,456.581922196796,0.3071,0.27311445443364,1.78210321174544,19.2,509.7,50.97,1.92,4.67368421052632,3.66315789473684,3.04736842105263,1.24736842105263,NA,NA,18.978164875,0,30.9455661948377,NA,NA
W02,Mature secondary,SE,33.1771147510556,1.931,0.577938891765924,32.8997185354691,341.85354691075503,0.3537,0.262397798384834,2.50625332736356,23.5,487.2,48.72,2.35,4.74162162162162,2.0172972972973,2.91891891891892,0.972972972972973,NA,0.518918918918919,18.978164875,0,24.1670947968891,100.180115327381,2421.0623438801
W03,Mature secondary,C,43.1819317443661,2.219,0.107255520504732,14.5049801587302,274.980158730159,0.62375,0.188083349018479,1.92511807962965,24.2,493.5,49.35,2.42,4.41709741550696,2.95347912524851,2.04214711729622,2.52763419483101,2.87952286282306,0.475944333996024,16.43135425,0,23.7715127201162,112.479240362812,2673.80169303358
W03,Mature secondary,NW,23.013199315182,1.873,0.187399893219434,19.4420701754386,200.694736842105,0.3646,0.43443895733632,3.78288423163371,18.9,523.3,52.33,1.89,5.23586833144154,1.74211123723042,2.35913734392736,2.0744608399546,1.47105561861521,0.283314415437003,16.43135425,0,32.2755728251149,147.572794471154,4762.99647495944
W03,Mature secondary,NE,10.0472193074502,4.62,0.250865800865801,18.5333310185185,214.949652777778,0.4067,0.346362545018007,2.11964087141796,27.2,463.5,46.35,2.72,8.77888563049853,4.26627565982405,3.76187683284457,3.47448680351906,1.2574780058651,0.380058651026393,16.43135425,0,19.8639614047118,158.318421516755,3144.8310146637
W03,Mature secondary,SW,28.8130362323313,5.315,0.116650987770461,12.154402872777,156.494528043776,0.4396,0.418442880274941,2.36235371635245,27.9,475.4,47.54,2.79,8.80861056751468,2.33424657534247,3.58473581213307,2.89549902152642,0.789041095890411,0.273581213307241,16.43135425,0,19.8627786283235,225.595847639485,4480.96038113208
W03,Mature secondary,SE,31.1647429171039,3.129,0.164269734739533,26.2047208333333,303.48375,0.40065,0.234525327163173,1.92687965233203,24.1,470.8,47.08,2.41,5.93419740777667,5.10269192422732,2.35333998005982,3.10468594217348,2.6321036889332,0.500099700897308,16.43135425,0,22.7721711851466,106.604028679654,2427.60519011935
W08,Mature secondary,C,26.6732673267327,2.135,0.123653395784543,31.3651722222222,382.172222222222,0.4133,0.221598790415618,1.92855798377279,16.9,428.5,42.85,1.69,10.9721261444557,4.25798575788403,3.36683621566633,2.83702950152594,1.95564598168871,0.534689725330621,20.339774375,0,29.5562376520552,69.9194551804741,2066.55603381631
W08,Mature secondary,NW,43.3821782178218,2.509,0.0282981267437226,18.567,256.092,0.4633,0.288689761847614,1.83870737814434,12.6,421.4,42.14,1.26,10.3753604193971,3.9916120576671,3.34049803407602,3.27129750982962,1.34469200524246,0.479685452162516,20.339774375,0,38.9860301600518,58.1068278688524,2265.35454380002
W08,Mature secondary,NE,10.9327774882751,1.86,0.028494623655914,37.9480538847118,407.212531328321,0.366,0.255234389475635,2.28617985106351,16.3,403.7,40.37,1.63,23.4888438133874,5.64705882352941,7.49452332657201,1.79391480730223,1.01014198782961,0.834888438133874,20.339774375,0,28.8706241731074,43.1889183326389,1246.89102962465
W08,Mature secondary,SW,9.92739273927392,2.417,0.112122465866777,23.6760261904762,268.703928571429,0.391,0.359757501342951,2.03475907039863,11,421.2,42.12,1.1,7.33229268292683,5.12429268292683,2.7219512195122,2.90341463414634,0.906146341463415,0.437853658536585,20.339774375,0,44.6355309968965,55.5746673669468,2480.60478789957
W08,Mature secondary,SE,15.4125412541254,1.88,0.143085106382979,25.1595878623188,303.981612318841,0.4116,0.271153161482993,2.46862056897398,10.7,415.8,41.58,1.07,13.3065274151436,3.59530026109661,3.61723237597911,1.59007832898172,1.55718015665796,0.355613577023499,20.339774375,0,45.2986996817294,66.5608123557794,3015.11824947639
W09,Mature secondary,C,87.5935498804105,4.572,0.22419072615923,29.4861105769231,320.491826923077,0.3751,0.300741368476274,1.87412242820211,15.3,447.1,44.71,1.53,5.5248,5.61,2.3652,2.3808,1.374,0.4488,25.0850283,0,34.0642057544639,75.413961038961,2568.91668559029
W09,Mature secondary,NW,121.294317735816,2.221,0.157586672669968,30.8684530892449,333.882494279176,0.3701,0.241176672420437,1.50827802183783,18.8,456.4,45.64,1.88,12.7368,4.5624,4.5708,3.9432,3.576,0.5472,25.0850283,0,28.2991124417596,76.001984126984,2150.78869460635
W09,Mature secondary,NE,73.0926111668338,3.539,0.579824809268155,24.5277416666667,248.2284375,0.35155,0.345015345015345,2.79582647211776,13.1,426.7,42.67,1.31,8.6028,4.9488,3.2616,4.044,1.7508,0.3756,25.0850283,0,37.9696309055431,77.1540772858664,2929.51183740209
W09,Mature secondary,SW,85.3686058174523,4.952,0.125201938610662,16.3569548611111,232.8640625,0.47025,0.321991490032871,1.90277245098467,10,467.8,46.78,1,8.51525423728814,4.08542372881356,3.02779661016949,2.06508474576271,1.17966101694915,0.362033898305085,25.0850283,0,54.5312239800167,61.103196896736,3332.03211587097
W09,Mature secondary,SE,85.6005516549649,2.488,0.0176848874598071,28.8137833333333,254.8828125,0.30615,0.367764495634248,2.77704297349041,13.2,444.8,44.48,1.32,7.22172523961661,2.91757188498403,2.18913738019169,2.06389776357827,0.765495207667732,0.357827476038339,25.0850283,0,39.2803976484243,81.6043698979592,3205.45209944095
W10,Mature secondary,C,29.6778711484594,5.062,0.172659028052153,14.7976002747253,232.803708791209,0.52405,0.289911441916723,1.94542284022696,11.9,487.4,48.74,1.19,6.71168316831683,6.19009900990099,2.18138613861386,1.51366336633663,2.23485148514851,0.335049504950495,33.96750845,0,47.7445266199735,78.5689864066192,3751.23906299517
W10,Mature secondary,NW,NA,2.785,0.199640933572711,15.5913098086124,283.381818181818,0.59745,0.213605862521274,1.66483649057963,16.4,384.9,38.49,1.64,13.284,3.2316,3.9648,2.5116,1.2036,0.4908,33.96750845,0,27.3582989784935,73.9183839795086,2022.28124891848
W10,Mature secondary,NE,42.7941176470588,2.168,0.227859778597786,18.5151026785714,238.618973214286,0.436,0.335302362835402,2.06668874835039,13.4,416.2,41.62,1.34,5.4252,3.678,1.98,1.6944,1.7652,0.4104,33.96750845,0,36.2061466191109,72.2288359788359,2615.12782557745
W10,Mature secondary,SW,57.6543209876543,2.855,0.0956217162872154,17.7137347883598,229.812103174603,0.4359,0.307240496847887,2.05310706261278,12.1,426.8,42.68,1.21,5.24869565217391,4.90304347826087,2.25913043478261,1.59652173913043,1.20260869565217,0.285652173913044,33.96750845,0,41.1172507758686,93.7046205696891,3852.87638282152
W10,Mature secondary,SE,58.9052287581699,2.225,0.240898876404494,17.7642083333333,280.574583333333,0.5336,0.235534013652411,2.70911789537691,10.7,432.8,43.28,1.07,10.0896,5.1264,3.2472,4.6908,1.9332,0.4752,33.96750845,0,47.1507388702561,49.8104557479556,2348.5997919803
W17,Mature secondary,C,34.5158906134516,6.391,0.295728368017525,36.0717142857143,311.666103896104,0.3152,0.354704568023833,3.29589816529696,10.4,492.8,49.28,1.04,2.8275,4.4115,1.4145,0.8925,0.939,0.3015,23.0648075,0,55.236021264331,76.306088604596,4214.84473276139
W17,Mature secondary,NW,18.9992257065428,9.565,0.353789858860429,15.7085292207792,254.506601731602,0.54535,0.225218998721936,1.56607047036048,16.6,473.7,47.37,1.66,9.51,3.4044,4.5144,2.0976,1.272,0.3612,23.0648075,0,33.2644483011144,101.665480145547,3381.84610830953
W17,Mature secondary,NE,141.0014781966,6.079,0.353676591544662,25.6762359307359,334.469047619048,0.45815,0.201615241978715,2.79334700614296,15.5,464.6,46.46,1.55,1.0608,6.408,0.8892,2.5032,2.4444,0.3492,23.0648075,0,34.9407751604844,98.1907625593199,3430.86135742171
W17,Mature secondary,SW,50.3845308723358,2.452,0.0289559543230016,19.0219459459459,208.562162162162,0.37245,0.4067971599005,1.83010227882128,10.8,413.9,41.39,1.08,4.67058823529412,5.49411764705882,0.942352941176471,1.18117647058824,1.12235294117647,0.285882352941176,23.0648075,0,44.6741912603695,83.5698412698412,3733.41507248761
W17,Mature secondary,SE,38.225900116144,2.146,0.0862068965517241,20.1143392857143,272.65,0.4686,0.254399861739206,2.43501394362541,11.8,439.4,43.94,1.18,1.9776,7.3956,1.2396,3.4176,3.384,0.3948,23.0648075,0,43.4073300498173,66.1177449703283,2869.99477807669
W20,Mature secondary,C,157.873357228196,4.715,0.106256627783669,28.2568531746032,364.501587301587,0.43155,0.224416017797553,1.64858177569548,15.8,426.8,42.68,1.58,13.7808,4.4664,5.7084,3.6612,2.9328,0.5052,18.422554575,0,31.488527492912,69.1841986200659,2178.50854032303
W20,Mature secondary,NW,61.9426523297491,3.632,0.328469162995595,12.3417290322581,192.150591397849,0.5203,0.359857925353725,1.58130132274613,13.6,446.1,44.61,1.36,11.742,2.6676,5.6088,2.5296,1.0884,0.3696,18.422554575,0,38.2365185874517,81.3991960420532,3112.42187246559
W20,Mature secondary,NE,79.1311827956989,3.066,0.475864318330072,11.17199,205.410538461538,0.6031,0.235667799471358,1.75128535496915,7,375.3,37.53,0.7,7.3872,1.3008,6.672,0.6684,0.2448,0.1872,18.422554575,0,62.4979184013322,82.719017094017,5169.76638058028
W20,Mature secondary,SW,102.440860215054,2.738,0.0719503287070855,18.9132595238095,289.689642857143,0.5128,0.191966022224325,2.83480239167056,16,420.1,42.01,1.6,15.8088,3.2028,8.232,1.8588,0.918,0.4236,18.422554575,0,30.606786011657,83.5559152839601,2557.37801910431
W20,Mature secondary,SE,131.89247311828,5.058,0.0848161328588375,17.6807857142857,273.809761904762,0.52835,0.202842883006312,2.56016516638666,14,416.1,41.61,1.4,10.2264,3.9876,6.0084,2.064,1.6764,0.51,18.422554575,0,34.6461282264779,60.7254901960783,2103.90311994906
W29,Mature secondary,C,2.98581560283688,3.63,0.155371900826446,40.8429887820513,364.873237179487,0.3104,0.30868719413964,2.08288317399565,15,478.1,47.81,1.5,2.6112,6.5208,0.762,1.968,1.4892,0.534,33.810173575,0,37.1545933943936,62.1388443017657,2308.74349402964
W29,Mature secondary,NW,2.91972920696325,2.631,0.117065754465983,39.2375303030303,414.049747474748,0.3567,0.227239725139375,1.80521883434327,13.2,398.2,39.82,1.32,3.94857142857143,5.8,1.28,1.16,2.03142857142857,0.402857142857143,33.810173575,0,35.165140160977,72.4829787234042,2548.87410609362
W29,Mature secondary,NE,3.86127659574468,4.203,0.262431596478706,40.3749156521739,364.200956521739,0.3101,0.295274874781455,2.3932120949611,15.5,454.2,45.42,1.55,7.8816,5.2548,1.938,1.9716,1.8252,0.4572,33.810173575,0,34.1586312481534,74.9960942382203,2561.76392813513
W29,Mature secondary,SW,6.10295126973233,4.256,0.315789473684211,24.443844516129,257.572,0.36445,0.343707139141128,3.26021433527443,20.2,495.1,49.51,2.02,3.2664,6.4836,2.1936,1.1376,0.6768,0.4764,33.810173575,0,28.5710752590664,93.7978289552598,2679.90483021776
W29,Mature secondary,SE,1.47086031452359,6.346,0.174755751654586,26.8537633779264,304.685033444816,0.3894,0.292582652886427,2.38019727590144,16.3,451.5,45.15,1.63,4.4388,8.3868,1.6764,2.7936,1.2336,0.408,33.810173575,0,32.2890433840921,88.377275910364,2853.61769603763
W32,Mature secondary,C,34.2260827602847,3.237,0.0861909175162187,31.5923538647343,333.210024154589,0.36025,0.249525974784554,1.87470059643644,12.2,451.6,45.16,1.22,5.3532,5.862,3.6864,4.956,2.0904,0.4164,19.5156521,0,43.149834154598,64.8130231919856,2796.67120179229
W32,Mature secondary,NW,31.4457529441243,3.063,0.256611165523996,25.7462724358974,276.927243589744,0.37195,0.290754686314877,3.11424554616821,14,454.6,45.46,1.4,7.8516,6.6564,5.0292,4.0788,3.39,0.534,19.5156521,0,37.8517901748543,57.9962546816481,2195.26206313716
W32,Mature secondary,NE,21.9610064674503,3.636,0.310781078107811,23.0996739130435,254.863043478261,0.3758,0.268881783025185,3.07751275839866,11.2,456.1,45.61,1.12,7.22138613861386,9.73188118811881,3.13425742574257,2.17188118811881,2.3239603960396,0.441980198019802,19.5156521,0,47.4708576186511,56.0568100358422,2661.06484776724
W32,Mature secondary,SW,59.5202842759846,6.683,0.104294478527607,31.4127727272727,349.106818181818,0.37805,0.23375217126486,2.11694085391203,13,450.6,45.06,1.3,12.6768,4.5492,6.9756,4.1364,2.8428,0.4932,19.5156521,0,40.4047908793954,58.3087127795159,2355.95134630307
W32,Mature secondary,SE,56.2826966735762,2.583,0.279907084785134,21.4512196969697,263.431060606061,0.41565,0.28651506369138,2.90757295534812,13.6,455.2,45.52,1.36,9.53684210526316,6.63315789473684,4.54894736842105,2.17894736842105,1.85842105263158,0.461052631578947,19.5156521,0,39.0165058529656,65.2531637312461,2545.95044464469
W42,Mature secondary,C,22.6164079822616,3.244,0.355117139334155,18.9107828571429,264.531333333333,0.47185,0.260020221675347,3.04249419345513,13.5,444.5,44.45,1.35,7.2444,3.2232,3.2472,2.5944,1.6044,0.4428,28.5052802,0,38.3815955839269,67.4433797909409,2588.58452794908
W42,Mature secondary,NW,41.8181818181818,3.745,0.137783711615487,17.0512,251.532,0.49195,0.288609372460304,1.76624641711067,12.5,471.4,47.14,1.25,4.6044,4.5912,2.442,3.366,1.8528,0.336,28.5052802,0,43.9606994171523,82.2969812925168,3617.83285753934
W42,Mature secondary,NE,31.1929046563193,2.8631,0.151933219237889,15.0616966666667,238.11025,0.5287,0.28227283586844,1.77192114752812,16,447.8,44.78,1.6,7.1976,4.626,3.5424,2.0808,1.8624,0.3876,28.5052802,0,32.6248959200667,91.3165266106439,2979.19217645426
W42,Mature secondary,SW,37.0288248337029,2.35,0.114042553191489,19.7889839572193,293.759759358289,0.49515,0.240771734077173,1.10894414966318,16,444.3,44.43,1.6,6.2544,5.4852,3.0192,2.9544,1.404,0.3492,28.5052802,0,32.369900083264,101.358206512846,3280.95501743966
W42,Mature secondary,SE,47.6284584980237,4.434,0.0850248082995038,18.4736086956522,245.839130434783,0.44345,0.272430913375193,2.12048115314731,13.8,406.7,40.67,1.38,9.0312,3.6252,3.5316,3.126,1.7256,0.4656,28.5052802,0,34.354221723443,65.5660898379972,2252.47198783374
W54,Mature secondary,C,15.6373466417135,4.558,0.152040368582712,39.6473260869565,342.782194616977,0.30275,0.256101101067313,2.71669093057031,18.1,454.6,45.46,1.81,4.7592,5.508,4.452,1.6488,1.1196,0.39,30.211734425,0,29.2776277595559,102.666117216117,3005.82036337241
W54,Mature secondary,NW,20.5806242924147,2.462,0.112916328188465,38.6270340740741,338.095185185185,0.30855,0.321922206592869,2.09167293788293,21.8,449.7,44.97,2.18,5.52588235294118,4.81176470588235,2.69176470588235,1.33882352941176,0.99764705882353,0.36,30.211734425,0,24.0464750322743,133.95753968254,3221.20663336108
W54,Mature secondary,NE,24.235807860262,3.218,0.268178993163456,26.2924829721362,327.183126934985,0.4233,0.221150847360118,2.14775324255639,16.9,447.9,44.79,1.69,7.90421052631579,6.35684210526316,3.12947368421053,3.26684210526316,2.59421052631579,0.595263157894737,30.211734425,0,30.8943730323349,62.8045155993434,1940.30613304121
W54,Mature secondary,SW,16.4379288833437,5.212,0.243476592478895,40.5757733516484,332.803021978022,0.30035,0.323139337991972,2.48695510141601,14.6,418.2,41.82,1.46,4.5204,4.878,2.2608,2.9256,1.1568,0.4272,30.211734425,0,33.3899832331506,75.602260567148,2524.35821272535
W54,Mature secondary,SE,42.6933873986276,3.571,0.458975077009241,26.0944988095238,272.55119047619,0.35595,0.365394120573226,2.21698861920874,15.1,461.6,46.16,1.51,4.3692,5.904,2.1612,1.9932,1.3212,0.462,30.211734425,0,35.6347635248771,72.3016388373532,2576.45180243015
W55,Old-growth,C,35.5731225296443,2.267,0.160564622849581,24.1078971861472,305.643181818182,0.42565,0.255008197471098,2.59622316806221,14,468,46.8,1.4,10.536393442623,2.92524590163934,3.65508196721311,2.07934426229508,1.88065573770492,0.377704918032787,24.80509275,4.44880935,38.9675270607827,81.9952256944445,3195.15117610325
W55,Old-growth,NW,14.3032873806999,2.891,0.264614320304393,19.4625442857143,248.161785714286,0.42505,0.312260432449429,1.95702589647196,8.7,465.1,46.51,0.87,15.72,4.1856,3.1416,3.0096,1.2564,0.3444,24.80509275,4.44880935,62.317800300516,55.8816575410653,3482.42197510593
W55,Old-growth,NE,24.9668610816543,3.381,0.0653652765454008,15.0514632352941,205.298713235294,0.45435,0.36988430539365,1.8492403763536,12.7,440.5,44.05,1.27,7.7976,3.7128,3.5028,2.8896,1.4184,0.2844,24.80509275,4.44880935,40.4321857769444,98.7841571227647,3994.05939260649
W55,Old-growth,SW,14.7998409331919,5.23,0.102868068833652,13.3658392857143,174.191919642857,0.4349,0.39136167193095,2.15357349574323,13.7,469.4,46.94,1.37,8.076,2.3532,3.0624,2.5992,1.2612,0.33,24.80509275,4.44880935,39.9399527158025,91.8374458874458,3667.98324628466
W55,Old-growth,SE,70.0600919052669,6.022,0.25971438060445,15.4069942528736,186.935517241379,0.41995,0.34276205199522,2.8075022001317,9.3,453,45.3,0.93,4.1616,2.91,2.3196,3.4704,2.1456,0.42,24.80509275,4.44880935,56.7806397894229,48.9831632653062,2781.29534911384
W57,Mature secondary,C,27.2222222222222,3.179,0.21767851525637,17.7285504469987,234.879182630907,0.44665,0.311894409937888,2.20887115090829,14.5,382.3,38.23,1.45,17.7303370786517,5.32314606741573,5.48224719101124,0.57438202247191,2.13842696629214,0.471910112359551,17.5603052,0.777563825,30.7341583163454,67.970722789116,2089.02295507712
W57,Mature secondary,NW,73.3032258064516,4.419,0.0970807875084861,14.1517146401985,205.624069478908,0.48635,0.315900346239523,1.74375035296514,9.2,426,42.6,0.92,7.80356435643564,5.2609900990099,2.27168316831683,0.742574257425742,2.38930693069307,0.431287128712871,17.5603052,0.777563825,53.9767584983529,47.188318247409,2547.07245798381
W57,Mature secondary,NE,43.2521739130435,3.17,0.0312302839116719,31.8093097826087,326.845289855072,0.356,0.265611581401055,1.93433796176961,18.5,439.2,43.92,1.85,7.95564356435643,3.4990099009901,2.03762376237624,0.408712871287129,2.82653465346535,0.343366336633663,17.5603052,0.777563825,27.6742354344353,119.186531965727,3298.39614623338
W57,Mature secondary,SW,25.4153846153846,6.053,0.0261027589624979,16.9752884615385,227.253846153846,0.45125,0.306487555972092,3.36531889424671,15.9,378.4,37.84,1.59,10.938,4.5972,2.4156,0.2028,3.9132,0.4236,17.5603052,0.777563825,27.7420807607914,83.0336908134359,2303.52735641293
W57,Mature secondary,SE,38.1703703703704,5.086,0.17558002359418,18.9291103988604,237.512179487179,0.42275,0.306226857664955,2.06403379771211,12,441.1,44.11,1.2,15.790099009901,2.68633663366337,3.85782178217822,0.259009900990099,0.71049504950495,0.43009900990099,17.5603052,0.777563825,42.8490147099639,61.7200078926598,2644.64152609167
W04,Old-growth,C,37.0367720703963,2.969,0.0740990232401482,18.9704640804598,228.401245210728,0.4045,0.370045651634099,2.31354516321565,23.3,433.2,43.32,2.33,10.7501976284585,2.75691699604743,5.8802371541502,2.21620553359684,1.42766798418972,0.342687747035573,29.3716333,0,21.6729263525032,150.407853847421,3259.77833927322
W04,Old-growth,NW,20.3139094353238,1.68,0.0238095238095238,20.2011364317841,270.958245877061,0.4479,0.291036279294966,2.07311745146362,26.3,417.9,41.79,2.63,14.0568070519099,6.52654260528893,5.42997061704212,2.39059745347698,2.08971596474045,0.431341821743389,29.3716333,0,18.5225873242513,134.879935610484,2498.32538563458
W04,Old-growth,NE,17.045643153527,3.845,0.417685305591677,23.76468,295.586,0.4149,0.286856642653513,2.14349271306602,25,405.1,40.51,2.5,8.01135029354207,3.51545988258317,5.72407045009785,2.80626223091977,1.31506849315069,0.46027397260274,29.3716333,0,18.8889258950874,120.153592687075,2269.57230829468
W04,Old-growth,SW,32.1010939268201,2.658,0.081640331075997,16.4389345063539,212.637976539589,0.4571,0.348379588605725,2.30482589130875,19.8,434.9,43.49,1.98,2.66164519326065,2.23468780971259,1.47710604558969,2.80911793855302,1.45213082259663,0.312784935579782,29.3716333,0,25.6040841386387,140.033689570885,3585.43437001696
W04,Old-growth,SE,33.2830378473532,4.019,0.141826324956457,18.284275974026,203.563852813853,0.3814,0.420701066307146,2.3766063969716,23.6,468,46.8,2.36,9.68520710059172,2.43905325443787,4.28284023668639,2.00118343195266,1.82721893491124,0.31834319526627203,29.3716333,0,23.1163296123287,163.994620286777,3790.95369719783
W05,Old-growth,C,30.4562453253553,2.88,0.213541666666667,15.6370960591133,246.08973727422,0.5284,0.2579867428679,2.09031213498184,32.1,447.8,44.78,3.21,6.46126482213439,2.69169960474308,2.71778656126482,2.14387351778656,2.57312252964427,0.422134387351779,19.61863745,0,16.2616303651423,168.216065409309,2735.46747716478
W05,Old-growth,NW,47.5766641735228,2.925,0.158974358974359,29.4532080745342,343.559420289855,0.39355,0.230366492146597,2.16356792807795,31.6,451,45.1,3.16,9.32770137524558,4.07740667976424,2.95284872298625,3.32416502946955,1.4475442043222,0.440864440078585,19.61863745,0,16.6369797320798,158.560564043799,2637.96889030383
W05,Old-growth,NE,12.3642015706806,5.883,0.415604283528812,24.056859375,247.70625,0.3611,0.36199141345311,3.05242156257922,29.1,469.8,46.98,2.91,8.45427728613569,3.16578171091445,2.12743362831858,2.0141592920354,0.976991150442478,0.369321533923304,19.61863745,0,18.8193687391091,174.301661912368,3280.24724736839
W05,Old-growth,SW,18.4985644316838,1.898,0,24.224961827957,248.806344086022,0.35605,0.35267619149163,2.42875520841976,26.6,486.9,48.69,2.66,3.22419512195122,2.56507317073171,1.34751219512195,2.0019512195122,1.2409756097561,0.24,19.61863745,0,21.3374819229589,245.179166666667,5231.50603663614
W05,Old-growth,SE,16.7958115183246,4.929,0.42665855143031,17.4241814814815,242.637222222222,0.46345,0.317003772353543,1.29168523863849,26.2,499.7,49.97,2.62,2.40834990059642,4.93956262425447,0.806361829025845,3.5427435387674,2.0934393638171,0.437773359840954,19.61863745,0,22.2327449771501,132.393032957052,2943.46053848556
W06,Old-growth,C,NA,4.781,0.219201003974064,13.2579343434343,189.621590909091,0.4785,0.394699572503868,1.66875558209174,27.9,452.2,45.22,2.79,5.32477432296891,4.9420260782347,2.97291875626881,2.77191574724173,1.71875626880642,0.404413239719158,60.41801035,41.424785475,18.8934549762892,152.613168048469,2883.39001931261
W06,Old-growth,NW,18.6484848484848,3.277,0.276167226121453,12.5176242424242,175.737727272727,0.4882,0.353324404836408,1.98563531139429,25.2,447.2,44.72,2.52,6.05652600588813,4.36074582924436,3.05829244357213,2.58253189401374,1.56270853778214,0.402747791952895,60.41801035,41.424785475,20.6864649828846,138.414166666666,2863.29981188515
W06,Old-growth,NE,80.4814814814815,2.221,0.143178748311571,14.3191851851852,209.374074074074,0.4894,0.296773142112125,2.05724389204022,27.2,441.3,44.13,2.72,8.63693516699411,3.81807465618861,3.97838899803536,3.11316306483301,0.900589390962672,0.335952848722986,60.41801035,41.424785475,18.9125483665573,179.103365079364,3387.30105467665
W06,Old-growth,SW,64.35,2.171,0.34868724090281,13.3594640522876,178.380882352941,0.45705,0.403049848702023,1.68575811233974,28.3,454.8,45.48,2.83,9.64331707317073,3.64448780487805,4.05775609756098,2.29229268292683,1.65307317073171,0.39570731707317103,60.41801035,41.424785475,18.7335053533128,158.206937693717,2963.77051421646
W06,Old-growth,SE,109.751351351351,2.475,0.0476767676767677,8.87987297297297,145.310574324324,0.54725,0.424695814524856,1.69147040911565,22.4,454.8,45.48,2.24,8.63550295857988,5.52662721893491,2.97396449704142,2.04615384615385,1.40473372781065,0.276923076923077,60.41801035,41.424785475,23.6677768526228,178.937777777778,4235.05939494865
W07,Old-growth,C,61.0095579450418,6.872,0.522264260768335,18.2940906862745,223.387418300654,0.4108,0.386084258264709,2.2074552290876,32.6,467.6,46.76,3.26,5.93452380952381,3.09404761904762,3.86428571428571,2.15476190476191,1.09642857142857,0.323809523809524,28.730375325,14.319575675,16.720217814398,222.710735294117,3723.77200372238
W07,Old-growth,NW,30.6842619745846,1.547,0.110536522301228,17.7000227272727,287.095454545455,0.5423,0.24202449532846,1.43761017766233,12.7,456.8,45.68,1.27,8.95566502463054,3.54443349753695,3.9215763546798,1.4943842364532,1.15034482758621,0.368866995073892,28.730375325,14.319575675,41.9283143312332,76.1635349893165,3193.40863560994
W07,Old-growth,NE,29.7878523684975,4.223,0.171205304286053,24.4087473723724,243.969031531532,0.3464,0.42089263635434,2.53702014768044,10.9,496.1,49.61,1.09,7.78235294117647,4.64495798319328,3.14495798319328,2.41260504201681,1.72563025210084,0.34411764705882403,28.730375325,14.319575675,53.0551757327609,70.0700976800975,3717.5813460293
W07,Old-growth,SW,37.3620071684588,6.228,0.203275529865125,22.7545428571429,258.670952380952,0.38805,0.368989840160487,2.21071222171491,8.7,471.6,47.16,0.87,6.76927374301676,2.47206703910615,2.8072625698324,3.43072625698324,1.29385474860335,0.340223463687151,28.730375325,14.319575675,63.1887220419765,56.5676530612243,3574.43770585266
W07,Old-growth,SE,21.9758064516129,9.387,0.612016618728028,18.1933070101351,213.714695945946,0.3978,0.384770588103014,1.59751745108502,14.5,418.8,41.88,1.45,3.75074775672981,3.42771684945165,2.18584247258225,2.94436689930209,1.99920239282154,0.401994017946162,28.730375325,14.319575675,33.6684946452667,79.7924098285152,2686.49032304429
W11,Old-growth,C,96.7151009447082,6.101,0.232420914604163,6.34633333333333,184.135714285714,0.9544,0.209031242575434,2.16238894029748,12.5,456.2,45.62,1.25,4.8168,3.648,2.442,3.876,2.3472,0.2724,14.5675455,0,42.543213988343,101.511694986365,4318.63376212432
W11,Old-growth,NW,114.94535824848,4.505,0.0903440621531632,20.8014814814815,247.051851851852,0.4048,0.282919133968739,2.0828627609263,17.8,440.4,44.04,1.78,8.922,3.9108,4.3728,2.4744,2.2848,0.3156,14.5675455,0,28.8411342607752,124.7659786348,3598.39234098328
W11,Old-growth,NE,61.4635783820074,1.796,0.156458797327394,26.8319416666667,263.37,0.34495,0.372669998958659,3.01933413978349,12.9,434.1,43.41,1.29,8.25,3.69,4.0512,1.9992,1.5168,0.3792,14.5675455,0,39.2270007551847,75.2548598553347,2952.02244437653
W11,Old-growth,SW,166.646525679758,4.425,0.0666666666666667,30.013505,337.8925,0.39105,0.263106646991382,1.88310288386882,14.3,432.3,43.23,1.43,5.4285,5.9985,3.117,3.354,2.4765,0.4995,14.5675455,0,35.2398642157177,63.3306163306164,2231.76232018864
W11,Old-growth,SE,113.909365558912,3.85,0.425194805194805,30.3496358333333,339.932416666667,0.38485,0.288344407530454,2.58053743648735,17.2,464,46.4,1.72,6.7884,5.7252,3.5376,4.164,2.478,0.3828,14.5675455,0,31.4466626648335,99.3961785341094,3125.67809653571
W15,Old-growth,C,36.0877709392561,4.563,0.238658777120316,43.2451312233286,308.904551920341,0.26025,0.43292198506435,4.06155693333519,9.7,438.8,43.88,0.97,3.3432,8.172,1.728,1.4832,1.6788,0.318,41.4166566,0,52.7326883954093,67.4773135669361,3558.26015008457
W15,Old-growth,NW,62.9114262777629,13.793,0.0272602044515334,34.0712268847795,279.647226173542,0.3015,0.378875860596138,3.68141989606243,14.3,463.4,46.34,1.43,4.1244,4.416,2.2188,5.43,2.8044,0.3972,41.4166566,0,37.7750476001933,79.6415983311754,3008.46516791563
W15,Old-growth,NE,64.5792079207921,3.828,0.196185997910136,43.1666966911765,333.124632352941,0.27255,0.366796989952495,3.22247750207201,9.7,458.7,45.87,0.97,4.386,4.934,3.112,2.138,1.628,NA,41.4166566,0,55.1241662875439,NA,NA
W15,Old-growth,SW,56.5717821782178,3.805,0.00236530880420499,32.4056240808823,287.374264705882,0.31415,0.344929733308938,3.43100081053394,12.1,463.6,46.36,1.21,5.1108,6.6864,2.8524,2.9916,2.31,0.3216,41.4166566,0,44.6625057631038,83.2304992892681,3717.28265417295
W15,Old-growth,SE,200.850751741841,4.341,0.107578898871228,30.8097523148148,296.37193287037,0.33465,0.303233158424763,3.32337595573473,15.6,469.1,46.91,1.56,5.3976,4.0584,3.1704,4.1196,2.9484,0.4116,41.4166566,0,35.0530540788661,83.8421491045392,2938.92338664977
W16,Old-growth,C,17.1776315789474,3.721,0.0757860790110185,36.4724791666667,351.745993589744,0.33925,0.304331047585122,2.32512926630705,15,421.2,42.12,1.5,13.62,5.3376,3.0768,4.8264,1.026,0.4884,20.360622725,0,32.7327227310575,67.9405054405055,2223.87772679197
W16,Old-growth,NW,12.9320882852292,4.916,0.163547599674532,22.9800167264038,249.351612903226,0.37625,0.350250931938828,2.1925144308815,14.6,405.7,40.57,1.46,6.11411764705882,3.74470588235294,2.17411764705882,4.33176470588235,3.51882352941177,0.414117647058824,20.360622725,0,32.3919564746274,77.9906047077921,2526.26827312468
W16,Old-growth,NE,25.7586206896552,6.018,0.429877035559987,10.3696545338442,181.706449553001,0.5819,0.295958332776046,1.66535675055697,13.5,486.6,48.66,1.35,9.2544,2.8392,2.964,5.4948,3.4824,0.438,20.360622725,0,42.016837820335,68.1824853228963,2864.8124279995
W16,Old-growth,SW,45.4354066985646,6.634,0.0581851070244197,29.8615757575758,295.154545454545,0.3454,0.338700198426909,3.13367703382765,11.1,430,43,1.11,9.1332,5.724,3.474,2.034,0.9396,0.4428,20.360622725,0,45.1575638919519,55.4534456058847,2504.14251297662
W16,Old-growth,SE,31.1781376518219,4.498,0.0620275678079146,12.6582632211538,203.435697115385,0.54635,0.315767739240639,2.7824420880199,15.1,418.5,41.85,1.51,7.2072,3.1872,2.9364,4.6392,2.8584,0.4416,20.360622725,0,32.307514157628,75.6416601966877,2443.79400771097
W19,Old-growth,C,8.57452406748181,2.039,0.14271701814615,22.8329630952381,288.014166666667,0.42935,0.260449548142922,2.11419336003478,12.4,485.3,48.53,1.24,5.1825,3.786,2.7165,3.8025,1.683,0.657,27.050840625,0,45.6219279632565,41.7512502717983,1904.77253227587
W19,Old-growth,NW,29.1350668111231,4.878,0.174456744567446,33.3731691666667,322.207583333333,0.34205,0.27050723612649,3.8887463831993,16.8,443.5,44.35,1.68,3.4356,5.8644,2.994,2.9676,1.9668,0.4788,27.050840625,0,30.7729669719678,77.6190476190476,2388.56838877655
W19,Old-growth,NE,48.1256771397616,2.036,0.133104125736739,19.15145,292.0525,0.5104,0.232968345069945,2.55430874097502,17.4,412.7,41.27,1.74,13.8768,4.6848,8.5476,2.8344,1.5636,0.4572,27.050840625,0,27.6484155923704,84.1891638545179,2327.69699062388
W19,Old-growth,SW,66.3503567826054,6.679,0.159305285222339,20.7313620689655,209.15,0.34795,0.360764047377745,2.4873558779245,19.6,442.8,44.28,1.96,7.0584,4.308,4.6764,3.504,1.704,0.4548,27.050840625,0,26.3351968597597,95.3342128408093,2510.64526263294
W19,Old-growth,SE,19.8111747407522,1.706,0.128370457209848,25.6955285714286,271.025952380952,0.3666,0.335626173236793,2.68251190842063,10.9,489.6,48.96,1.09,6.82714285714286,3.16428571428571,3.70571428571429,3.65285714285714,1.27142857142857,0.504285714285714,27.050840625,0,52.3600363611364,47.8148725212466,2503.58846381557
W21,Old-growth,C,8.05152979066022,1.542,0.116083009079118,27.584152173913,255.0307568438,0.3196,0.30964541344024,3.35108759855638,13.6,456.9,45.69,1.36,6.24,5.0064,4.8432,2.1156,2.9676,0.3912,26.7920323,0,39.1622177597101,76.9047619047621,3011.76103247295
W21,Old-growth,NW,20.1164596273292,3.7,0.0375675675675676,13.1427726190476,193.215714285714,0.4976,0.347569854303266,2.45243975129671,14.8,446.3,44.63,1.48,8.2596,6.5592,5.2716,3.2772,2.3136,0.3996,26.7920323,0,35.1520129621711,81.931216931217,2880.04719957259
W21,Old-growth,NE,9.12238325281804,2.356,0.0577249575551783,40.0822444444444,305.657407407407,0.2728,0.364914703851184,3.24550076144728,13.9,442,44.2,1.39,7.6548,5.5812,4.9224,3.2304,2.9364,0.4368,26.7920323,0,37.067431816412,70.3955716902147,2609.38305380438
W21,Old-growth,SW,24.8517786561265,1.569,0.206500956022945,13.5988295454545,214.285909090909,0.5162,0.223355304066658,1.73726487546844,18.6,435.7,43.57,1.86,6.9216,4.3848,4.1436,2.3496,2.1804,0.5544,26.7920323,0,27.3060979649575,74.2169140383427,2026.57432538781
W21,Old-growth,SE,12.116368286445,8.938,0.599462967106735,16.0291124801272,200.52066772655,0.41885,0.416609840266154,2.020203626877,10.2,408.8,40.88,1.02,4.84752475247525,5.64594059405941,3.40871287128713,1.77386138613861,0.917227722772277,0.384950495049505,26.7920323,0,46.7192372369431,58.6149581128751,2738.44613370889
W22,Old-growth,C,67.7363050483351,1.77,0.0531073446327684,36.9160164473684,442.685690789474,0.41365,0.186876447291536,2.26288612672764,11,406.2,40.62,1.1,17.4528,3.8508,6.732,1.7748,1.1856,0.354,19.48780975,0,43.0459465596851,68.7389023405971,2958.93111672475
W22,Old-growth,NW,57.5366988900823,2.592,0.033179012345679,15.7780833333333,254.083333333333,0.53195,0.264903566768637,1.83703245854181,16.1,428.6,42.86,1.61,8.1172277227722809,3.31128712871287,3.06772277227723,2.46891089108911,2.3239603960396,0.582178217821782,19.48780975,0,31.0321109220577,61.1762840136056,1898.42923130952
W22,Old-growth,NE,33.4156820622986,2.094,0.0348615090735435,31.9549380434783,337.126413043478,0.36075,0.252397223281882,2.44950304950234,12.4,435.8,43.58,1.24,6.8352,3.3468,3.0372,2.1708,1.2384,0.4524,19.48780975,0,40.9685477156133,60.6334470127572,2484.06426710426
W22,Old-growth,SW,25.7539453028175,5.134,0.171990650564862,20.143457977208,267.514814814815,0.44425,0.30560929719236,1.57485923371382,15.8,435,43.5,1.58,9.2292,5.5788,5.0664,1.746,1.572,0.3984,19.48780975,0,32.0935085740785,87.7305651176134,2815.58164381088
W22,Old-growth,SE,31.7689828968024,3.06,0.0754901960784314,16.75704,241.622923076923,0.4854,0.293146160198183,2.12370344027944,18.3,444.7,44.47,1.83,4.2624,4.7076,3.2832,3.2568,3.0864,0.456,19.48780975,0,28.3270316630494,88.7767857142859,2514.78281987233
W36,Old-growth,C,51.7767334487592,2.335,0.0197002141327623,15.3068534482759,202.14575596817,0.44915,0.341350195322158,2.41238767076182,15.6,412,41.2,1.56,11.406,7.0992,4.3404,2.6304,0.528,0.3372,19.607249175,7.5066982,30.7863105531716,102.341128622267,3150.70576812718
W36,Old-growth,NW,11.8151440640565,4.469,0.135824569254867,19.0637785204991,181.436720142602,0.3359,0.367423174936291,4.22912582700539,11.3,475,47.5,1.13,6.4656,4.8036,3.8712,3.7404,1.8108,0.378,19.607249175,7.5066982,49.0004642149241,66.1301965230539,3240.4103282538
W36,Old-growth,NE,23.2745461041281,5.754,0.209071949947862,23.5454836523126,236.66120414673,0.34345,0.41406889216167603,2.19659542063576,13.1,412.5,41.25,1.31,11.7372,5.0688,5.6244,4.2336,1.1268,0.318,19.607249175,7.5066982,36.7060528440041,91.1291554357592,3344.99159505444
W36,Old-growth,SW,57.3017148981779,2.861,0.0737504369101713,26.2218125,253.346875,0.33305,0.410799978906291,2.65168993085883,12.5,421.8,42.18,1.25,6.47151515151515,4.47878787878788,2.90181818181818,2.08484848484848,0.890909090909091,0.419393939393939,19.607249175,7.5066982,39.3352206494588,65.9327260528488,2593.47832730913
W36,Old-growth,SE,51.3550757923748,3.034,0.175016479894529,10.3550669642857,185.756473214286,0.58355,0.35880933226066,0.983110948706042,16.4,446.1,44.61,1.64,9.7212,5.9568,5.0616,7.6536,2.8512,0.3756,19.607249175,7.5066982,31.7083324871551,96.5898372128402,3062.70267322492
W56,Old-growth,C,104.331201334816,4.247,0.174711561101954,13.0784838362069,192.693857758621,0.4967,0.35238407664037,2.3872165610485,12.5,462.5,46.25,1.25,9.876,3.924,2.0544,1.8048,1.3368,0.306,16.73628695,0,43.1307243963364,90.3653127917834,3897.52140101114
W56,Old-growth,NW,122.612147177419,5.539,0.0904495396280917,18.514203125,221.559375,0.4182,0.36624059943613,2.84579007629357,14.5,457.3,45.73,1.45,9.4104,3.984,1.6536,0.3,2.4384,0.3948,16.73628695,0,36.7636165264577,81.246381531336,2986.91081478031
W56,Old-growth,NE,NA,5.634,0.0658501952431665,34.8095066312997,364.882957559682,0.35565,0.277319432221896,2.23208065118222,16.4,419,41.9,1.64,13.275,3.90125,2.825,1.87625,1.41625,0.32625,16.73628695,0,29.7820921589733,111.2004378763,3311.78168895014
W56,Old-growth,SW,149.627791563275,11.537,0.0576406344803675,12.2506538461538,214.485576923077,0.5806,0.283383283383283,2.39198411110257,17.8,451.5,45.15,1.78,10.9689795918367,5.02163265306122,2.91183673469388,0.334285714285714,2.40489795918367,0.397959183673469,16.73628695,0,29.5680565820618,98.9451794871793,2925.61666559918
W56,Old-growth,SE,121.954584040747,4.158,0.088985088985089,11.6660697368421,247.11210526315801,0.6998,0.203692068727803,1.44326607512527,14.9,456.4,45.64,1.49,9.96712871287129,4.20712871287129,2.6019801980198,0.424158415841584,3.09267326732673,0.443168316831683,16.73628695,0,35.7062626781933,74.3756431124727,2655.67624983351
