Plot,FT,Direction,WaterPercent,TOC_NF,TOC_Microbe,TN_NF,TN_Microbe,NH4_c,NO3_c,PO4_NF,PO4_Microbe,sN,sC,sC_percent,sN_percent,sP,sAl,sCa,sFe,sK,sMg,BA,BA_ECM,pH,CEC,TEB,AlSat,sC_N,sN_P,sC_P
CN2,Early secondary,C,0.2926314737,292.401279239155,65.680448610869007,44.9992379290653,NA,3.62178891969769,7.43456276673174,6.04061442137057,NA,3900,76700,7.67,0.39,50.79681275,464.7,13.389,33.741,29.751,9.426,19.2425051432108,0,4.39,31.5404718209467,0.699012437728682,16.3817020859437,22.925339994449,169.840521005073,3893.65168887566
CN2,Early secondary,NW,0.277753348,537.323412848749,NA,NA,NA,9.08599005434818,2.90602435559132,6.04213995437587,1.90179357627319,2800,72600,7.26,0.28,41.75595238,388.411588411588,11.4305694305694,38.9220779220779,25.9030969030969,8.65834165834166,19.2425051432108,0,4.43,31.0345402374654,0.626850715289566,13.9155828016118,30.2248126561199,148.338132576441,4483.4922668816
CN2,Early secondary,NE,0.2303787349,306.696956936774,NA,38.4683665319718,61.5596322864317,2.21222546047313,NA,4.61859680146265,0.0716917633001968,2700,47700,4.77,0.27,37.69383698,280.21978021978,15.1918081918082,32.2387612387612,27.6383616383616,14.1038961038961,19.2425051432108,0,4.6,29.062558198712,0.90342425094453,10.7206096997674,20.593949486539,158.455232813121,3263.21906043119
CN2,Early secondary,SW,0.2767762566,439.904819410634,78.8690942951214,43.0881532523699,53.1954817158986,1.77926082642288,1.08552079085339,5.08910328767871,2.8391064250257,2000,37300,3.73,0.2,25.96613546,301.8,20.46,30.561,30.87,14.376,19.2425051432108,0,4.12,34.8593523894879,0.858743404476378,9.62619062803699,21.7402164862614,170.386760906381,3704.24506849758
CN2,Early secondary,SE,0.318737515,250.763106973542,NA,NA,NA,0.839455426916004,2.13398055152455,0.409600658088773,NA,3000,69600,6.96,0.3,38.05389222,219.45,9.528,9.249,22.032,6.558,19.2425051432108,0,4.37,31.7178617637936,0.497706197754532,7.69283150310697,27.0441298917569,174.395526561686,4716.37527287557
W38,Early secondary,C,0.2819207348,NA,NA,NA,NA,1.15179416807067,1.74047022072283,3.04514833491739,1.17931858043504,3400,76600,7.66,0.34,85.99601594,694.2,32.91,83.241,42.93,17.136,20.981263975,0,3.9,37.6150379453641,1.10338302985867,20.5200134936802,26.2624283685164,87.460862367547,2296.93463297638
W38,Early secondary,NW,0.2075339728,216.283977745284,NA,NA,NA,0.488099350625663,0.699634510947638,1.49153351938789,NA,3200,71600,7.16,0.32,71.49700599,419.88011988012,22.99000999001,27.2937062937063,23.2957042957043,14.5024975024975,20.981263975,0,4.33,32.3336462948291,0.908175626564266,14.4386027010011,26.0824313072439,99.0091409400728,2582.39911735868
W38,Early secondary,NE,0.2332734172,206.604051287568,NA,NA,NA,1.2225848183019,0.594024485246685,0.71485238596549,1.70600477836936,2900,47900,4.79,0.29,52.87276342,489.3,8.823,39.381,27.984,7.089,20.981263975,0,4.05,35.5739362637388,0.488942979065633,15.2931810531585,19.2540698842918,121.333062067409,2336.15525632101
W38,Early secondary,SW,0.2690502347,NA,NA,NA,NA,1.30008257006148,NA,3.3669917037269,0.040973273082815,3500,58600,5.86,0.35,52.47011952,547.5,30.48,62.361,27.948,15.219,20.981263975,0,3.97,36.7088182581796,0.95023014831548,16.5831968745797,19.5170691090758,147.56017464471,2879.94212628809
W38,Early secondary,SE,0.2534986006,NA,NA,NA,NA,1.73934142926487,NA,2.59516370229508,1.9369668696453,3400,54700,5.47,0.34,53.15737052,585.914085914086,8.96703296703297,55.4055944055944,40.6093906093906,12.2817182817183,20.981263975,0,4.06,35.5296760624852,0.702725411979805,18.3356887451597,18.7539795268648,141.49092855253,2653.51797731125
W45,Early secondary,C,0.3222810347,286.381061557887,453.136155646804,109.34237915755,169.240444608194,4.44100071065078,1.31062591770039,9.66794110159148,NA,3500,67000,6.7,0.35,67.52988048,534.9,10.482,69.081,39.06,20.313,21.8104481,0,3.91,37.399360833196,0.853920564633168,15.9024103096647,22.3147377185678,114.652949849261,2558.45050454636
W45,Early secondary,NW,0.3490811027,366.78494454429,367.285847070309,141.478176171567,184.559009379771,4.18783385267632,7.86192410573869,13.4710195449519,NA,4200,75700,7.57,0.42,80.34860558,725.874125874126,19.7142857142857,96.1948051948052,59.1608391608392,28.8971028971029,21.8104481,0,3.68,40.327479971627,1.20880345603031,20.0131185891396,21.0102692200944,115.633618442193,2429.49345436415
W45,Early secondary,NE,0.3248751249,324.748599174491,310.193156427666,112.659404537346,139.004961390157,2.82043864902851,1.02100327139097,7.17285079265513,NA,6300,123600,12.36,0.63,96.73956262,745.2,20.571,53.451,47.82,18.957,21.8104481,0,4.05,35.7809545251931,1.06468519425565,23.1566355812547,22.8698306966418,144.062053027297,3294.67476254492
W45,Early secondary,SW,0.3403256418,421.388133194382,357.812124155147,142.780837635292,182.877906865102,3.83826552349836,1.95204265720979,12.1357890897692,1.24863924220803,6200,132100,13.21,0.62,123.3928571,1053.74625374625,56.3136863136863,131.709290709291,83.9160839160839,34.7172827172827,21.8104481,0,3.94,37.5013290843077,2.08347038194608,31.2423663582303,24.836829523784,111.151374857708,2760.6477486751
W45,Early secondary,SE,0.2995202878,245.572396348528,205.784543424794,71.2314373577181,75.6144426072422,1.94326048181688,2.22559831630392,5.54620471848105,NA,4300,87200,8.72,0.43,93.66071429,602.397602397602,15.0509490509491,41.979020979021,34.045954045954,13.3126873126873,21.8104481,0,4.04,35.79173302375,0.759206109326051,18.7135009825033,23.6392153825301,101.560343179337,2400.80682674002
W46,Early secondary,C,0.2685268527,NA,NA,NA,NA,0.591021515076613,4.71442647136559,2.90842798350042,1.13037455800817,3000,50500,5.05,0.3,81.27,513.986013986014,8.7002997002997,55.7052947052947,26.3286713286713,13.7082917082917,14.905325625,0,4.01,36.1035587546227,0.619215286066803,15.8290855330672,19.6225367749098,81.6590201972261,1602.35712682317
W46,Early secondary,NW,0.3222,NA,NA,NA,NA,1.21683613803325,3.92666917512246,4.61281862962454,4.76330532249107,5500,128800,12.88,0.55,89.43113772,723.6,15.714,95.661,48.78,20.073,14.905325625,0,3.81,38.6483554341184,0.953094717694453,20.8171885878903,27.2984634017106,136.046415426121,3713.85809244386
W46,Early secondary,NE,0.2180781922,NA,NA,NA,NA,0.558387296237626,0.491991798478623,4.87734266084567,1.12675553071795,4600,68400,6.84,0.46,85.39840637,410.7,31.68,67.461,48.54,16.371,14.905325625,0,4.31,32.6969533634282,1.27520554833882,13.9659972423575,17.3333816022879,119.15745943512,2065.40171514808
W46,Early secondary,SW,0.2463261022,515.06594028854,NA,NA,NA,0.705369849226553,3.6628260910363,3.89862178828769,3.11978569371419,7500,153800,15.38,0.75,65.76693227,514.8,21.222,65.211,39.69,14.979,14.905325625,0,4.01,36.210675441997,0.913198767934214,15.8072546372226,23.9045240077713,252.270721104313,6030.41150909582
W46,Early secondary,SE,0.2047181128,265.825163413768,12.4184629128836,NA,NA,0.857938357987013,0.59771927422376,1.86155733158546,0.739948134001262,2700,45000,4.5,0.27,53.78486056,337.837837837838,11.6876876876877,42.9339339339339,29.7417417417417,18.993993993994,14.905325625,0,4.44,31.0106908570703,0.937389168174774,12.1129907151208,19.4282542325839,111.049571423965,2157.49930604428
W59,Early secondary,C,0.2299660272,248.113136853887,NA,NA,NA,1.95881275919874,2.59721736636382,6.29499276690574,7.4444454995415,2700,39500,3.95,0.27,68.7,439.2,29.16,57.981,44.55,17.208,14.015508775,0.1134115,4.06,35.6810603100453,1.12401455158662,13.686081342173,17.0536898263793,86.9401122894573,1482.64970845499
W59,Early secondary,NW,0.2771836898,327.06722762974,NA,NA,NA,3.29163133324518,8.82190689266041,10.1919585142953,NA,3700,65300,6.53,0.37,69.10179641,677.622377622378,21.8841158841159,92.1488511488512,53.3766233766234,28.1478521478521,14.015508775,0.1134115,3.46,42.9573485696026,1.11121515991412,17.5389992175423,20.5729459684497,118.447406531447,2436.81209467446
W59,Early secondary,NE,0.2732187469,342.250510983704,NA,NA,NA,3.0631500249516,3.50726719222046,11.2199494629619,NA,6000,121800,12.18,0.6,78.96620278,526.873126873127,70.1298701298701,77.5234765234765,55.8941058941059,15.977022977023,14.015508775,0.1134115,4.04,36.1443958880395,1.72750400912389,16.207633761562,23.6636136552872,168.082757883589,3977.44544467244
W59,Early secondary,SW,0.3095537586,276.066795657591,NA,NA,NA,2.58384742376783,7.09793706266706,11.2812271014821,5.89776014600841,5500,104500,10.45,0.55,60.48,683.016983016983,26.1608391608392,100.150849150849,45.8841158841159,12.7822177822178,14.015508775,0.1134115,3.8,38.7530872026651,0.911120192356618,19.5965551369531,22.1482098251457,201.170398715042,4455.56420134897
W59,Early secondary,SE,0.2769253821,424.50581640091,NA,NA,NA,4.1942053075288,2.88657058814642,8.33273874181092,2.78744402193724,4000,69800,6.98,0.4,59.01590457,530.7,49.92,90.711,71.91,34.152,14.015508775,0.1134115,3.88,38.1540638622414,1.8715276695546,15.4654592962687,20.3413821815154,149.935368999995,3049.89264335542
W60,Early secondary,C,0.295004995,734.737887084552,NA,98.4232635649658,NA,3.17146665899627,2.63826771066533,6.14364862743714,8.12784867633183,3800,76700,7.67,0.38,81.32206759,613.186813186813,8.32567432567433,70.9000999000999,45.5844155844156,14.1728271728272,32.973194375,0,3.73,39.5147613929116,0.695338610752381,17.2539279337822,23.5286384153556,103.368533366908,2432.1208451156
W60,Early secondary,NW,0.3238761239,NA,NA,NA,NA,3.08263181599619,9.46617209189086,13.7024581508637,2.20304448163016,6600,107300,10.73,0.66,94.4011976,813.086913086913,18.6143856143856,99.6113886113886,68.2717282717283,22.7802197802198,32.973194375,0,3.52,42.2149593339656,1.07772064960766,21.4153478332886,18.9513789014205,154.66056817422,2931.03102857864
W60,Early secondary,NE,0.2895972819,NA,NA,NA,NA,1.4833588259395,2.4973982204743,7.02943448963424,NA,3900,81100,8.11,0.39,78.75745527,563.963963963964,5.31531531531531,76.5375375375375,37.3273273273273,10.1501501501501,32.973194375,0,3.59,41.1255184589244,0.499734633448198,15.2473547672364,24.2404833578855,109.543371015232,2655.38426206141
W60,Early secondary,SW,0.251547215,422.464686644431,NA,80.3174545033605,NA,1.77653227172859,1.95380171137259,6.76104581084736,NA,2500,60000,6,0.25,56.1752988,414.785214785215,5.57142857142857,48.002997002997,29.8651348651349,10.3246753246753,32.973194375,0,3.75,39.1891469376294,0.482651326731834,11.7682529423306,27.9766860949209,98.4482016294527,2754.25443359667
W60,Early secondary,SE,0.2412105473,544.129719651972,NA,85.6523312869964,NA,2.39153598599392,2.02702411563786,9.98222594789201,1.39410010751882,4000,71100,7.11,0.4,71.45129225,421.078921078921,7.57342657342657,57.3536463536464,39.95004995005,12.3416583416583,32.973194375,0,4.13,34.681528457507,0.696418146054027,13.4995660874084,20.7202331390508,123.840607355446,2566.00625648648
WC1,Early secondary,C,0.2446021591,NA,NA,NA,NA,3.41609574290347,NA,10.8351795593784,NA,3000,73600,7.36,0.3,48.61553785,434.865134865135,35.3346653346653,44.4065934065934,46.2137862137862,33.6683316683317,20.4780531561227,0,4.46,31.0515770544516,1.84073438025158,15.5713212443869,28.5983902303636,136.50838528013,3903.92007195799
WC1,Early secondary,NW,0.3011289839,NA,NA,NA,NA,3.57945181570787,2.18914999464519,18.9754243949318,NA,3900,87400,8.74,0.39,61.33928571,532.867132867133,34.1058941058941,69.0719280719281,44.8051948051948,18.3476523476523,20.4780531561227,0,4.04,35.9557722775713,1.21196750888084,16.4780133216445,26.1235295373513,140.649781669216,3674.26872585778
WC1,Early secondary,NE,0.2650144899,NA,NA,NA,NA,2.56818091191885,0.306870613700626,7.49807056159421,NA,4400,96300,9.63,0.44,84.94011976,478.921078921079,6.2007992007992,44.1368631368631,34.6753246753247,16.0609390609391,20.4780531561227,0,4.59,29.1717928117869,0.863137940857489,18.2538874649625,25.5128302172432,114.591651141187,2923.55733987867
WC1,Early secondary,SW,0.2175782422,NA,NA,NA,NA,3.20360867184007,2.07675141974038,9.71266542606652,NA,3200,80800,8.08,0.32,43.86227545,349.450549450549,34.3756243756244,37.8731268731269,34.015984015984,14.1878121878122,20.4780531561227,0,4.39,31.6952928906011,1.18406506573841,12.2587304372666,29.4338051623646,161.388278885043,4750.27115619172
WC1,Early secondary,SE,0.2824870052,NA,NA,NA,NA,7.12525533521038,11.9259003364316,21.8585902869568,NA,4500,89800,8.98,0.45,83.1547619,472.8,12.423,69.681,50.88,17.616,20.4780531561227,0,4.11,35.0170854743077,0.962631440458009,15.0124650232131,23.2620964011472,119.712240522245,2784.75767942579
W01,Mature secondary,C,0.2407278512,212.235778944806,434.230022546745,28.0809582462749,37.5340751165514,3.37186953133367,2.19187375965239,9.25404218453681,NA,3000,45000,4.5,0.3,118.4791252,296.280371962804,75.6524347565243,12.3857614238576,32.3367663233677,20.4549545045495,22.81228235,0,4.25,33.7647133983996,2.26483011828517,9.75650677517701,17.4854288093256,56.0134838962211,979.419785029677
W01,Mature secondary,NW,0.232231734,656.485084206037,481.163110904629,30.5245301969895,23.4104562906023,4.11335241774125,2.64981273419937,6.11814883241069,20.9196878767009,3200,57300,5.73,0.32,75.71713147,227.307231322413,57.1114662405114,8.71953655613264,29.9610467439073,16.6240511386336,22.81228235,0,4.18,34.462122731491,1.80523624832476,7.33374431106255,20.8732306411324,93.4908257276214,1951.45556824255
W01,Mature secondary,NE,0.2304399761,512.909085763761,370.809538918679,26.0122113465711,16.2483432930855,3.03759934097397,2.3119169171053,5.96265634205182,4.00931445179381,2400,35800,3.58,0.24,73.06163022,297.362373863523,72.504745728844,23.1121990208812,23.3519832151064,12.5197322409831,22.81228235,0,4.1,35.4399030663814,1.80560049835007,9.32927782901722,17.3882875381627,72.6666355672078,1263.54835367349
W01,Mature secondary,SW,0.2294578254,318.356868021093,412.266716778142,28.2563264490325,31.7039173435527,3.41073419709607,1.1903869880444,4.97683188995163,NA,1600,25400,2.54,0.16,58.29681275,202.11,40.05,2.895,24.675,9.828,22.81228235,0,4.1,35.2572474750136,1.29688931428242,6.37373400354066,18.5054121565362,60.713929363635,1123.53628651689
W01,Mature secondary,SE,0.2431626057,242.753459315281,245.954980983095,30.4588136752548,20.7389280799972,3.91154748498885,0.90714781282237,6.85807806344459,NA,1700,24300,2.43,0.17,55.5988024,313.76036774258,24.1960627560707,47.6366543419606,28.4440891376037,9.58728889777156,22.81228235,0,3.75,39.3816434872398,0.969089792718902,8.85847137199964,16.6625851006515,67.6389183725087,1127.03923349794
W02,Mature secondary,C,0.2811330839,285.959386191661,516.692935635491,40.4044381346546,12.8089344044251,15.1777813626289,0.68781400098828,4.47925596670298,10.7475428907366,2100,42800,4.28,0.21,65.92814371,517.762237762238,10.1178821178821,78.4615384615385,27.5244755244755,8.0949050949051,18.978164875,0,4.02,36.0538824104023,0.815120011368183,15.9673509782653,23.7579794615598,70.4630790218255,1674.06038419879
W02,Mature secondary,NW,0.270464051,318.424492143791,506.088878640356,40.5494527215299,13.1939151330919,13.8642832153609,2.12465665406228,14.0762692335572,NA,1700,31800,3.18,0.17,61.95,482.397602397602,8.51748251748252,42.3176823176823,30.7492507492507,6.998001998002,18.978164875,0,4.08,35.321519695622,0.797020337879003,15.1851923299416,21.8053582798649,60.7044851839037,1323.68304862977
W02,Mature secondary,NE,0.3215834119,411.691387902344,677.975245234714,52.9784170947867,12.2135661028645,13.691911420505,0.406457282633009,6.4598822499267,NA,2000,43500,4.35,0.2,63.95833333,619.341317365269,29.8203592814371,97.9341317365269,36.2574850299401,10.3802395209581,18.978164875,0,3.96,36.8970114495729,1.13020386527202,18.6635132539257,25.353871773522,69.1744997709391,1753.84139718992
W02,Mature secondary,SW,0.3051781847,273.979070366278,1116.50547471496,56.5238759693899,32.4069996005205,10.9105140989554,11.1153300976827,20.4571661353001,NA,3800,72300,7.23,0.38,81.51785714,580.699300699301,7.66033966033966,89.1608391608392,39.4105894105894,9.10789210789211,18.978164875,0,3.96,36.7913598188512,0.846285161473328,17.5493081646804,22.1788860160393,103.120262873275,2287.09255621037
W02,Mature secondary,SE,0.2892473118,293.100903458215,875.721330126246,48.651528434776,20.8037448582661,10.7325689871742,7.50428596038267,2.78089071382722,27.4921868137141,1900,36600,3.66,0.19,66.91616766,426.18,12.927,65.04,27.12,10.05,18.978164875,0,3.95,36.8967792872698,0.804350116738334,12.8427829758541,22.4549717340812,62.8110003239753,1410.41923686423
W03,Mature secondary,C,0.2979803005,949.88814151106,NA,29.3993500043181,27.0888466734661,2.78348093900107,0.555317373712783,0.802302861348307,1.5288438983552,1700,35000,3.5,0.17,59.82071713,574.08,13.611,83.82,32.1,10.068,16.43135425,0,3.89,37.6384150323137,0.84598416814403,16.9588198640516,23.9996081696626,62.8652252524884,1508.7407735573
W03,Mature secondary,NW,0.2580645161,412.060267860233,NA,34.6043512858067,29.2852073616647,2.70522619207514,8.45966399607558,3.15747517967222,3.54950442410249,2900,50800,5.08,0.29,79.76190476,434.58,47.31,97.5,37.77,15.126,16.43135425,0,4.06,35.8052451408835,1.46695027171796,13.4951470454417,20.4197651382469,80.4295522407266,1642.35256692999
W03,Mature secondary,NE,0.2383228762,203.809303510208,113.696568948888,26.4923389504022,33.3246493948847,3.32947140540833,1.51317243432973,2.38412089651682,0.39513839092148,4200,71700,7.17,0.42,64.1749503,337.942057942058,16.024975024975,53.4365634365634,32.1578421578422,9.12287712287712,16.43135425,0,4.2,33.9007545612038,0.887161849630229,11.0837677400377,19.9000832639467,144.776115237599,2881.05674785896
W03,Mature secondary,SW,0.3037546061,382.502277599483,164.465888487865,35.6582169667762,36.5559272544173,3.10612851336583,5.04761588444419,3.90560095726444,NA,3400,63800,6.38,0.34,90.48,527.052947052947,5.85914085914086,79.6603396603397,34.7352647352647,8.28371628371628,16.43135425,0,3.99,36.3719143475199,0.692606787514579,16.111746618336,21.873928588921,83.1264999368449,1818.30312346549
W03,Mature secondary,SE,0.2510706105,169.287090477629,96.1222021347641,24.0692633059532,22.3383844496726,2.4115409501714,0.759082053161033,4.86669119268476,NA,2000,40800,4.08,0.2,57.50501002,435.644355644356,15.1018981018981,63.3866133866134,27.1558441558442,9.59340659340659,16.43135425,0,4.09,35.1437596759906,0.636698173597581,13.7828302714232,23.7801831806827,76.9373957633775,1829.5853646978
W08,Mature secondary,C,0.2227989619,151.315207387627,NA,23.2721427486495,41.1481363584264,0.819038105644339,0.174123452782658,0.60330538926001,3.86654840795924,2100,35500,3.55,0.21,48.43625498,284.955044955045,14.8711288711289,43.6573426573427,34.3456543456543,10.6813186813187,20.339774375,0,4.15,34.4499493032815,0.725543312360371,9.19691769923509,19.7058007216209,95.9095619989238,1889.97471604873
W08,Mature secondary,NW,0.2042344952,128.677535506063,NA,18.4169269100887,32.1538941910074,0.768718104510979,NA,0,2.03998994188375,1900,28700,2.87,0.19,33.37649402,204.935064935065,7.47752247752248,29.031968031968,21.7432567432567,7.2017982017982,20.339774375,0,4.2,33.7521884840953,0.450899603642165,6.75101189225387,17.6081335728998,125.929087280792,2217.37618955354
W08,Mature secondary,NE,0.2307308307,151.032821633299,NA,23.452625682315,38.7336222756707,0.204388604374521,2.29005639551398,4.74840641423969,NA,1300,21000,2.1,0.13,39.51,248.511488511489,17.1188811188811,31.999000999001,29.6283716283716,11.2057942057942,20.339774375,0,4.01,36.1334167882959,0.701336355154633,7.64701561612622,18.8304617946583,72.7862747224932,1370.5991653374101
W08,Mature secondary,SW,0.2557350888,188.978209281795,NA,28.0749198631947,34.8298082320078,0.936331766028661,1.77252240225877,1.72096607173615,1.16663071356897,2500,50700,5.07,0.25,42.38613861,332.367632367632,34.3456543456543,64.8761238761239,43.5764235764236,14.5804195804196,20.339774375,0,3.95,37.0028263191246,1.08863662372835,9.98707619067388,23.6402997502081,130.475606512371,3084.48244804266
W08,Mature secondary,SE,0.2237748278,142.132888782531,NA,20.8741236589513,39.2354690876106,0.856431471158893,0.873070266876369,0,1.21841191214833,1600,33400,3.34,0.16,35.43824701,228.761238761239,12.1438561438561,33.7372627372627,28.1268731268731,10.5464535464535,20.339774375,0,4.26,33.0993242031963,0.66262441447417,7.68453954441057,24.3338884263115,99.8759495758865,2430.37021345154
W09,Mature secondary,C,0.3006392329,207.337192365733,62.9974239045159,35.8985097422403,50.9667211800705,3.14752429379308,NA,6.1048424657722,5.59390931168211,4300,94200,9.42,0.43,104.8809524,215.076511088911,NA,NA,NA,NA,25.0850283,0,3.78,38.64,0,6.18885634573514,25.5368588192011,90.6953461810314,2316.07425098356
W09,Mature secondary,NW,0.2690887314,170.495326754959,NA,23.5604994003312,48.1105354926251,1.40056091032775,NA,3.21787175950441,0.354856974189377,3500,59900,5.99,0.35,53.32007952,400.600600600601,9.3993993993994,56.9279279279279,31.9519519519519,8.58558558558558,25.0850283,0,4,36.1992763506126,0.550498161019789,12.3045644178309,19.9500416319734,145.207960485052,2896.90485697074
W09,Mature secondary,NE,0.2788932175,224.107839328424,NA,28.7113663829198,38.9451290553886,2.13969269776669,NA,4.88401517484801,0.754143779452368,4600,84300,8.43,0.46,66.81,550.2,11.319,71.001,35.64,10.692,25.0850283,0,3.82,38.3956216096581,0.61366791259042,15.9328482568534,21.3626325887847,152.310389804777,3253.75089685403
W09,Mature secondary,SW,0.3525237381,225.712694533847,NA,34.2109226777499,33.4077688442755,2.68991194891215,NA,8.1621361034961,NA,2600,58100,5.81,0.26,49.29,521.7,6.948,73.701,29.088,8.763,25.0850283,0,3.95,36.7811781050163,0.492583746227518,15.770655249457599,26.0488054826106,116.688403906907,3039.5935354473
W09,Mature secondary,SE,0.2968874701,157.974697536634,NA,25.5798793370795,35.1176865892209,1.69612533635976,1.44539749691103,2.71109782239378,NA,2100,46000,4.6,0.21,54.04761905,553.546453546454,20.5564435564436,100.210789210789,37.0729270729271,15.6473526473526,25.0850283,0,3.9,37.5261602773629,0.86915441108869,16.40115679525,25.5342769913961,85.9519823750684,2194.72172592459
W10,Mature secondary,C,0.3414853264,273.755165320469,80.8033140552163,48.2729152306363,61.2675313675473,2.30614045124413,1.59118871855372,4.72419033292648,7.00265936949865,5600,111100,11.11,0.56,65.25896414,786,36.84,189.171,66.81,28.836,33.96750845,0,3.65,40.7920030130695,1.451272233138,21.4240736155439,23.1265611990008,189.828327238294,4390.07642718036
W10,Mature secondary,NW,0.3104068779,236.725978320533,NA,43.9892312422084,39.1240224911223,3.97232588819967,1.41297262381981,1.54778511071464,0.861039535144471,3100,60900,6.09,0.31,36.09,494.805194805195,35.004995004995,84.8661338661339,35.034965034965,16.3396603396603,33.96750845,0,3.96,36.878746863156,1.08123756112319,14.9180697065714,22.9002712793103,190.015041760678,4351.396003469
W10,Mature secondary,NE,0.263941635,192.200431168062,NA,28.1583668638788,33.5940992831258,0.166330346594459,1.05238382209938,1.15789820410774,5.84768357435095,2600,50300,5.03,0.26,32.80318091,623.582089552239,15.6,100.498507462687,31.4626865671642,14.9611940298508,33.96750845,0,3.88,37.7214309915386,0.746077187797261,18.3806138065417,22.5517197207455,175.335783573905,3954.12344817601
W10,Mature secondary,SW,0.2968843619,285.906849935129,12.276305632171,40.3700674753233,38.7556913917625,1.185544104453,1.44452801554878,5.28134937564015,3.15090906988178,2300,57800,5.78,0.23,40.38,484.5,18.489,85.851,31.38,11.703,33.96750845,0,3.8,38.6688254996943,0.695199546974568,13.9311618247488,29.2944285559136,126.001202858558,3691.1332350992
W10,Mature secondary,SE,0.3765493802,318.779078342743,NA,47.360637620957,39.0019232938502,1.97307611454028,0.60116367025194,7.13074369075124,2.51327710499258,3800,85300,8.53,0.38,61.51485149,594,91.83,133.401,59.25,30.972,33.96750845,0,3.71,40.3446586553015,2.14317999983353,16.3702358543598,26.1667908322013,136.652249880004,3575.75083935978
W17,Mature secondary,C,0.2816648368,311.240589716703,447.428862823054,40.6532020347134,34.5163360122243,5.58893512617154,3.95560867841926,5.09295705190847,3.33761198879875,3100,59700,5.97,0.31,61.60714286,459.78,22.848,73.02,29.49,10.851,23.0648075,0,3.88,37.7187332092887,0.738978182915396,13.5533768638909,22.4490344068116,111.312463762953,2498.8573289215
W17,Mature secondary,NW,0.3662604874,731.109797355764,585.453719154986,52.3128237993948,41.0717590140404,7.41395378898123,8.12885368085126,9.05157701449143,5.46011854649357,5900,120900,12.09,0.59,96.13772455,660.658682634731,19.5239520958084,95.8083832335329,42.5149700598802,16.6497005988024,23.0648075,0,3.94,37.063174821179,0.925918577765562,19.8193344247628,23.8868739327398,135.759847845731,3242.87837061892
W17,Mature secondary,NE,0.3302688118,428.072830041158,746.541626955845,54.8565112364036,66.5453039026171,9.0831110953331,3.16108489982609,6.45061686072139,6.674564250655,5300,98300,9.83,0.53,115.8846918,590.889110889111,45.8541458541459,95.6343656343656,62.0679320679321,26.2207792207792,23.0648075,0,4.04,36.1233374242899,1.67021506679549,18.1874853223275,21.6203478233547,101.172613576016,2187.38709571133
W17,Mature secondary,SW,0.3695565322,376.67226763276,583.260886232041,48.7313151321084,44.5481846216144,7.48876784559723,7.78620870966792,4.97511923825208,0.499230102611399,5200,108900,10.89,0.52,124.055666,823.456543456543,26.1488511488512,65.964035964036,41.9280719280719,17.9160839160839,23.0648075,0,4.11,35.0651545296559,1.09839678399295,26.1107571043091,24.4123486837892,92.7256547648766,2263.65101605283
W17,Mature secondary,SE,0.3076462368,238.427790198696,514.797105858665,32.2311649238435,45.8721612922824,4.7408192366032,1.32746434482009,5.23128595780579,3.32664919224703,5300,99800,9.98,0.53,113.3532934,433.546453546454,51.4885114885115,58.8611388611389,36.1738261738262,19.3816183816184,23.0648075,0,3.89,37.8289484002301,1.34539399521606,12.7428305008917,21.9502615744741,103.431993823808,2270.35931960198
W20,Mature secondary,C,0.3088059105,253.648540279162,611.460156084645,41.073437202554,53.6994766797161,2.75872300028227,0.0586365587669211,0.284579112847049,12.5189475144506,2800,50800,5.08,0.28,78.48214286,509.4,23.658,63.351,28.884,14.688,18.422554575,0,4.13,34.7527991379046,0.900068902833803,16.2976012320212,21.1490424646128,78.9224118287537,1669.13343917597
W20,Mature secondary,NW,0.2580161822,205.58125174514,465.649731587029,25.1453132178613,55.5422296491106,1.14790109044103,NA,0.36856289521414,5.85932202959571,1600,45100,4.51,0.16,90.89641434,354.354354354354,10.990990990991,32.9339339339339,22.8768768768769,9.19519519519519,18.422554575,0,4.41,31.2690242317806,0.604509531156069,12.6002157566241,32.8580349708577,38.9391440479627,1279.46375686322
W20,Mature secondary,NE,0.3065160903,202.01531127891,287.262693073047,27.1811401768746,40.5680546873512,0.918095417227493,0.187982654820154,1.26250185333849,NA,1800,33400,3.34,0.18,87.79761905,549.54954954955,34.1741741741742,84.4954954954955,46.3663663663664,21.987987987988,18.422554575,0,4.03,36.1100613997613,1.3017463320193,16.92127822365,21.6301230456101,45.3526779648719,980.98400482811
W20,Mature secondary,SW,0.3659,205.620626325527,478.954103627891,33.7492389934266,54.5243050446776,0.421471457993914,2.1351849071848,0.665958218413092,5.69563481914455,3500,65500,6.55,0.35,116.3844622,646.407185628742,15.2155688622754,128.703592814371,49.7904191616766,13.2694610778443,18.422554575,0,3.75,39.3124677476278,0.794831170695573,18.2822821025816,21.8151540383014,66.5252032242496,1451.25755576631
W20,Mature secondary,SE,0.2867272546,211.558709448479,299.60217345753,32.1257331205596,63.6644121583748,1.64131132292999,NA,2.79600184683156,2.43197235337137,2500,41300,4.13,0.25,99.28571429,438.3,15.438,60.261,33.6,13.011,18.422554575,0,3.63,40.710041402725,0.663328735172759,11.9708355181648,19.2572855953372,55.7014388465167,1072.65851593858
W29,Mature secondary,C,0.2109523334,140.621860852463,217.147093062176,30.197769981895,43.6415122610482,1.06655898514703,NA,10.2141327397175,NA,5200,106100,10.61,0.52,89.61077844,323.7,18.369,66.111,29.541,10.263,33.810173575,0,4.16,34.3316737244069,0.733065700283467,10.4834024862471,23.7846666239672,128.367848794494,3053.18648881287
W29,Mature secondary,NW,0.2232990309,215.319396141401,326.836837163393,36.4954286655209,42.0333212779547,1.48591731340456,0.00711839969510561,0.203866578809632,15.4066127514878,6600,140200,14.02,0.66,106.26,355.2,60.15,69.861,35.94,14.931,33.810173575,0,3.87,38.0749504423705,1.35246516774822,10.3726123446151,24.7621931218934,137.400177462289,3402.32972930363
W29,Mature secondary,NE,0.1660003998,130.657983807926,234.249963726061,24.6965988005536,40.0056167535995,0.812278890013134,NA,3.66537841102889,NA,2500,42400,4.24,0.25,56.77290837,275.79,5.325,35.961,24.93,7.983,33.810173575,0,4.36,31.8360257325683,0.490091740341459,9.63194967297658,19.7701915070774,97.4119047559575,1925.85201209446
W29,Mature secondary,SW,0.2609478104,226.853228039039,651.335961551098,63.1535019939315,101.214953129744,3.15364898639475,2.24506212609885,2.88921673351076,7.84124544961674,8100,162300,16.23,0.81,151.1354582,387.812187812188,NA,71.949050949051,70.4895104895105,24.6143856143856,33.810173575,0,4.1,36.1655827505671,3.77591800465508,11.9228621590035,23.3570789773953,118.558261286015,2769.17467228012
W29,Mature secondary,SE,0.2829585207,323.354572994842,781.539563274172,59.2066435805275,78.5612497168106,1.67546009244178,NA,3.24181640233154,0.606603926467968,9800,188600,18.86,0.98,121.8036072,533.1,59.55,90.051,86.43,32.862,33.810173575,0,4.18,34.6286422172332,2.27742748989648,17.1170041595389,22.4336862138694,177.983234637734,3992.82003719243
W32,Mature secondary,C,0.22220002,NA,NA,NA,NA,NA,NA,4.31978252298268,NA,2400,33500,3.35,0.24,84.3,307.372627372627,14.1698301698302,52.9270729270729,35.1548451548452,10.957042957043,19.5156521,0,4.19,33.9707881345826,0.738246441586861,10.06037347727,16.2711629197891,62.9791560752413,1024.74410905108
W32,Mature secondary,NW,0.1583940877,171.581325148669,127.806783653777,NA,NA,0.406806000731244,0.558769003038899,3.11622332444949,4.513419420694,3900,64200,6.42,0.39,68.0239521,259.129129129129,9.42642642642643,40.7807807807808,29.6156156156156,9.15015015015015,19.5156521,0,4.37,31.7580813442253,0.623719493877259,9.0722814660176,19.1891372574137,126.828225595807,2433.72422907217
W32,Mature secondary,NE,0.182017982,419.06157049841,229.831771801351,NA,NA,NA,NA,7.54701819450413,NA,2400,46600,4.66,0.24,62.7245509,413.28,25.842,75.87,40.8,13.977,19.5156521,0,4.1,35.1483242657453,0.991012439488381,13.0735731552217,22.6339161809604,84.6421820637195,1915.78405420381
W32,Mature secondary,SW,0.1970408877,203.554943411533,NA,NA,NA,0.512895923649333,1.73488035048276,5.15213564608737,NA,2700,48900,4.89,0.27,83.7202381,367.38,17.598,64.11,37.47,12.624,19.5156521,0,4.24,33.4075339823431,0.86068604313946,12.2271609197765,21.1120362660745,71.3421969387078,1506.17904907143
W32,Mature secondary,SE,0.1811550759,190.996680079192,552.991623874516,NA,NA,0.46083127202837,1.0380908622225,3.15819076346816,5.08731932386597,2100,41000,4.1,0.21,92.52475248,282.84,10.581,43.14,24.567,7.431,19.5156521,0,4.14,34.4967838819382,0.512464821483788,9.11626114733003,22.7588121010269,50.2081861932477,1142.6786755055
W42,Mature secondary,C,0.3708840551,395.545479514539,NA,43.6781760634243,50.798877520033,1.51754478716859,2.45726998955197,3.46131821032935,NA,2400,42500,4.25,0.24,62.38568588,620.37962037962,19.4025974025974,98.952047952048,45.7042957042957,18.1198801198801,28.5052802,0,3.96,36.8428241800817,0.984789272147682,18.7222976776877,20.6425201221205,85.1019393672305,1756.71849581954
W42,Mature secondary,NW,0.3772227772,475.56657556604,NA,52.5195664249305,56.3139569254654,1.73760834660954,1.76645094281779,6.29288770331983,5.19426653687046,6200,141200,14.12,0.62,89.0438247,837.6,67.56,159.921,78.78,36.912,28.5052802,0,3.72,40.2023746796707,2.09533562726754,23.1653837413568,26.5477693320083,154.028488336999,4089.11277892859
W42,Mature secondary,NE,0.3337658449,406.69302663769,46.1644397674767,38.8893840606238,45.6433917183907,0.827911484450918,3.37194023181798,3.44984147547831,1.94486430848018,2200,36800,3.68,0.22,57.27,616.516516516517,12.8258258258258,93.3243243243243,36.3063063063063,9.91591591591592,28.5052802,0,3.89,37.5584590488324,0.634901044588539,18.2512026442599,19.4989024297934,84.9784230088052,1656.9859788864
W42,Mature secondary,SW,0.3304347826,413.83208094416,74.4914901005017,49.1007339042467,49.0428896949175,1.73718068895947,4.05521003651911,4.06431018892205,NA,5000,83800,8.38,0.5,76.2,586.8,14.205,98.211,41.01,12.54,28.5052802,0,3.8,38.6789648860065,0.72123151906646,16.8682410686351,19.5370524562864,145.153730783652,2835.87605254589
W42,Mature secondary,SE,0.3732682149,335.71594553848,95.2928773389093,33.9173185778124,70.3212377995979,0.458116818402206,3.99937430674246,0.0746987563040386,4.38574991659766,2200,39700,3.97,0.22,91.70318725,576.3,22.593,56.211,40.89,15.954,28.5052802,0,3.95,36.9486093284404,0.943497833278522,17.3422347018977,21.0355007190977,53.0702850321518,1116.36001895655
W54,Mature secondary,C,0.3110200819,354.958095261257,127.491021199073,NA,NA,1.57318159978243,2.30796129209652,16.6312153572048,NA,4500,107800,10.78,0.45,100.47,626.373626373626,29.0709290709291,89.3916083916084,63.0569430569431,18.4765234765235,30.211734425,0,4.02,36.2183885899793,1.26562392150732,19.2290963842736,27.9248774169674,99.0807490508892,2766.81777162739
W54,Mature secondary,NW,0.2605830671,NA,NA,NA,NA,4.27114149132527,2.91112066020639,6.72419064204714,NA,2200,57700,5.77,0.22,54.01197605,361.623246492986,10.6533066132265,51.3036072144289,36.9138276553106,15.9739478957916,30.211734425,0,4.19,33.9990215124994,0.82067512559695,11.826179307393,30.5730073423662,90.1043553972004,2754.76111913778
W54,Mature secondary,NE,0.1954631758,58.1506742292339,363.354410349876,NA,NA,1.04602530699369,0.0379210037565056,1.70587994436806,NA,2500,65500,6.55,0.25,54.24,384.084084084084,29.4894894894895,39,36.3963963963964,10.0840840840841,30.211734425,0,4.22,33.683229447501,0.959615371812115,12.6784780836474,30.5412156536219,101.96086177834,3114.00866780141
W54,Mature secondary,SW,0.2267732268,NA,NA,NA,NA,2.17343623490526,2.18373094413138,6.02545004249197,NA,3300,85200,8.52,0.33,64.7005988,498.6,6.387,61.701,49.71,12.123,30.211734425,0,4,36.2587711772859,0.713678839309371,15.2895157100812,30.0961320112027,112.828498715091,3395.70139195521
W54,Mature secondary,SE,0.2806877249,NA,NA,NA,NA,2.24429238778725,1.05521263298397,12.7007876251523,NA,4300,102400,10.24,0.43,83.62275449,627.272727272727,17.6373626373626,98.4425574425575,50.9190809190809,18.6803196803197,30.211734425,0,3.97,36.7319645326455,1.01264535501464,18.9874562517333,27.7598125593014,113.751506318197,3157.72049373134
W55,Old-growth,C,0.2973324008,116.335610607984,436.793819174226,NA,NA,0.649250280910428,1.17845375491344,3.2270630720919,NA,2500,69300,6.93,0.25,57.28087649,481.5,6.105,51.381,39.15,10.689,24.80509275,4.44880935,4.13,34.658555033359,0.630594764117207,15.4468658911308,32.3130724396336,96.548053761409,3119.76425509805
W55,Old-growth,NW,0.2950114966,NA,NA,NA,NA,0.626399191112761,1.89733977517606,0.992162256125079,0.559638617553468,2500,55900,5.59,0.25,55.99009901,364.864864864865,11.6426426426426,29.8708708708709,39.039039039039,11.960960960961,24.80509275,4.44880935,3.96,36.7363722205325,0.697870271439704,11.0430824475403,26.0649458784346,98.773841101253,2574.53482250925
W55,Old-growth,NE,0.2352294312,NA,NA,NA,NA,0.323272947693536,4.11383620878844,1.02619183552978,2.59116037879244,2100,55100,5.51,0.21,38.69047619,317.4,19.836,38.691,42.75,13.983,24.80509275,4.44880935,4.06,35.6033895119565,0.908311024285632,9.91220131164817,30.5856230918679,120.068307693785,3672.36400440053
W55,Old-growth,SW,0.3101316314,54.4458237952165,207.775233363564,NA,NA,1.0031220032138,0.0587257598031092,0.932908525154866,3.31387138674344,2100,51300,5.13,0.21,56.89243028,338.738738738739,13.7837837837838,46.2672672672673,36.6366366366366,13.045045045045,24.80509275,4.44880935,3.53,41.9098332391412,0.643842311663528,8.98676676107312,28.4762697751873,81.6540966370542,2325.20408408597
W55,Old-growth,SE,0.2450019992,NA,NA,NA,NA,2.3600897094863,0.086780689190291,3.69745942483751,NA,3300,67300,6.73,0.33,57.66932271,417,13.734,60.501,44.04,17.727,24.80509275,4.44880935,4.25,33.327046742478,0.981325303154245,13.9121342958992,23.7731183609618,126.585003699126,3009.32027566211
W57,Mature secondary,C,0.1712657469,99.361238021737,NA,18.5111763078991,23.1412798727756,0.123330016925658,0.517658162623264,3.50232968768469,0.180362459371393,2500,59500,5.95,0.25,47.79,266.73,12.9,41.781,23.916,11.127,17.5603052,0.777563825,4.08,35.2571047768284,0.615775964029465,8.41162214409633,27.7435470441298,115.722057812454,3210.54035496332
W57,Mature secondary,NW,0.1944860653,147.646457189766,NA,24.5553118145073,31.581654108735,0.578963557464802,0.378333736222786,2.80484039235516,NA,2600,61100,6.11,0.26,40.5952381,307.8,12.873,36.441,28.803,12.39,17.5603052,0.777563825,4.35,32.0398622275068,0.748636888022753,10.6815065838327,27.3938384679434,141.680938399803,3881.18474051083
W57,Mature secondary,NE,0.1696455317,126.343269854048,NA,17.5215110283094,25.6486543008787,0.369601884525537,0.38518706743952,1.8731487823166,0.918650337917746,2100,20600,2.06,0.21,34.29423459,184.2,9.072,20.46,17.013,7.284,17.5603052,0.777563825,4.22,33.5087234052878,0.443834888870424,6.11204129967061,11.4349153483209,135.460086966181,1548.97462753446
W57,Mature secondary,SW,0.1869382864,159.640121040603,NA,19.084784890333,34.1470547628094,0.456503267975703,0.276352486664755,1.77368079410856,0.840168079564292,2600,54200,5.42,0.26,47.00598802,269.250749250749,19.5854145854146,44.7662337662338,22.1418581418581,11.3226773226773,17.5603052,0.777563825,4.09,35.1675393309567,0.70388584378085,8.51274208623343,24.3002626016781,122.358271165884,2973.33812081831
W57,Mature secondary,SE,0.1484507323,75.1431789524216,NA,14.4693433604351,19.7107950984015,0.173025823804688,0.293753082385453,2.94668072015009,NA,2400,28400,2.84,0.24,38.06547619,186.443556443556,8.36463536463537,25.5014985014985,21.4555444555445,7.29170829170829,17.5603052,0.777563825,4.12,34.7166193954742,0.451136655012562,5.97123945469851,13.7940605051346,139.473964036146,1923.91229880557
W04,Old-growth,C,0.1829243966,170.983780953756,485.175604451281,26.2621939861825,40.2564713684603,NA,NA,1.68723428812827,2.94645411106757,3700,59500,5.95,0.37,61.88622754,347.532467532468,17.2027972027972,57.8421578421578,41.6283716283716,12.2397602397602,29.3716333,0,4,36.2930356814792,0.807415736867622,10.6469845826464,18.7456398946824,132.257675039867,2479.25474960527
W04,Old-growth,NW,0.2256681292,179.182559056762,571.437978485861,25.2711175863915,32.2888063759816,NA,NA,2.69211319176236,0.826870516961644,1800,31400,3.14,0.18,65.73705179,346.98,15.033,68.01,29.19,16.935,29.3716333,0,4.02,36.0490307333436,0.801771164061426,10.7020108638898,20.3349060967712,60.5724935091,1231.73596755483
W04,Old-growth,NE,0.2466025196,174.140918691682,746.021086705054,25.9964115695381,32.0645114926533,NA,NA,2.48841508375877,NA,1900,35600,3.56,0.19,79.73214286,430.38,17.7,85.92,40.14,12.516,29.3716333,0,4.05,35.6939832251628,0.82362123416801,13.4063824010824,21.8414479162101,52.7148936151325,1151.36960330347
W04,Old-growth,SW,0.2037661051,205.628692013433,548.433260910603,26.3082957908697,40.6433864533228,NA,NA,1.03566003282287,3.16964620752653,3700,73600,7.36,0.37,69.28571429,354.18,22.77,60.6,36.93,17.715,29.3716333,0,3.96,36.8338551339546,0.9606790618786,10.6913216327013,23.1878839705651,118.132989683414,2739.25405787498
W04,Old-growth,SE,0.2372393247,199.401692877235,648.793811692787,29.3951955729543,49.261799462493,NA,NA,3.36524510638438,NA,3800,72400,7.24,0.38,97.70916335,346.933066933067,22.3966033966034,61.1988011988012,35.8441558441558,14.8351648351648,29.3716333,0,4.22,33.68551709768,0.966341400478146,11.4513585731879,22.2095622069329,86.0322877500399,1910.73944658926
W05,Old-growth,C,0.3104858825,170.558491229426,127.201758280814,28.5384794810901,51.4026052830304,4.8091774983597,1.01815939708396,8.70146214798917,1.55275914817675,5100,95200,9.52,0.51,69.87077535,528.215892053973,10.962518740629701,101.109445277361,34.4227886056972,10.407796101949,19.61863745,0,3.93,37.0683908187824,0.616133621496954,15.8439063643793,21.7596447404941,161.468489721412,3513.49697312205
W05,Old-growth,NW,0.2400913877,175.517113239328,226.945818676503,21.5954707758117,23.1138809759695,1.96170753767541,0.0334625547199589,2.106356374094,0.72151570543256,2100,39400,3.94,0.21,41.18290258,315.48,5.172,40.2,21.012,6.108,19.61863745,0,4.11,34.8098124012762,0.372918991288233,10.0768475048837,21.8706633361088,112.801665472119,2467.04724929308
W05,Old-growth,NE,0.2894894296,188.927645914753,237.602493666155,29.6962169731357,21.8835363070794,4.01886082760785,2.93176098751585,2.80910606550272,NA,1800,35400,3.54,0.18,43.71257485,517.38,20.676,61.71,43.02,12.003,19.61863745,0,4.02,36.0719789611662,0.864878972961472,15.9475585185198,22.925339994449,91.0918003920135,2088.31049469339
W05,Old-growth,SW,0.3251020611,184.130291509556,603.159636267419,34.8548340165546,46.4880963362521,2.65022678468687,6.92280160093703,11.743766004720401,10.4030370241948,5800,122400,12.24,0.58,89.43227092,666.78,18.939,98.82,50.4,16.086,19.61863745,0,4,36.3557843900344,0.978618384951904,20.3921765524203,24.6001894972581,143.465311116898,3529.27383975879
W05,Old-growth,SE,0.3094005178,430.604433613109,374.714279595184,39.7874619103558,61.1939876345257,6.42590186461867,2.46310602284314,7.48010754998395,6.96136629436818,5700,111300,11.13,0.57,86.58415842,726.953046953047,28.6213786213786,165.974025974026,64.4955044955045,29.7812187812188,19.61863745,0,3.73,39.8670700470492,1.57290226321925,20.2743331664021,22.7617336430168,145.629576077299,3314.78162121693
W06,Old-growth,C,0.1898734177,174.28552900879,NA,21.5967439174287,NA,2.64123827106063,NA,3.83374821849383,NA,2900,58700,5.87,0.29,47.30079681,253.89,30,59.181,33.33,17.373,60.41801035,41.424785475,4.11,35.1047599071306,1.20997810056035,8.04144554704683,23.5952797955727,135.625924262612,3200.13163050948
W06,Old-growth,NW,0.2220005984,151.031602035605,NA,24.1914831077629,21.4035325813333,2.55706203001921,1.04016873513731,4.44732537266925,2.21891030256867,1700,31500,3.15,0.17,43.53,284.716417910448,22.8746268656716,58.5880597014926,29.7791044776119,12.1641791044776,60.41801035,41.424785475,4.03,35.9534196372495,0.871738044424647,8.80494898973686,21.5996473526963,86.391979258967,1866.03628609514
W06,Old-growth,NE,0.2242962667,107.631336973313,NA,17.7127590944352,18.0076676571844,2.27185820468585,1.44665916846642,2.91819943380421,11.5165650276227,1900,37500,3.75,0.19,42.11881188,291.42,23.046,49.671,27.258,10.014,60.41801035,41.424785475,4.29,32.7871251227307,0.814725663597433,9.88258487194234,23.0071431701652,99.7908355189684,2295.90203985531
W06,Old-growth,SW,0.2311062432,198.480711342892,NA,23.5691971276966,19.6683204384375,2.07637142214765,1.3805700731205,3.61814924756342,5.93960771544145,2400,47900,4.79,0.24,45.59405941,281.118881118881,24.7972027972028,54.1468531468531,25.2917082917083,13.6723276723277,60.41801035,41.424785475,4.08,35.3409384966545,0.851529442781884,8.8443612746389,23.2653344435194,116.443741264644,2709.10258437658
W06,Old-growth,SE,0.1681645696,121.680102932837,NA,19.0676878438876,8.52908117484665,3.27178689910764,0.282541934971267,3.30127491907567,3.99209393974713,1600,23700,2.37,0.16,42.69,274.195804195804,41.6283716283716,52.9480519480519,30.2397602397602,15.7882117882118,60.41801035,41.424785475,4.11,35.0949970723968,1.1824963869943,8.68700619593161,17.2668609492091,82.9100157280057,1431.59571287221
W07,Old-growth,C,0.3338984741,249.150986910044,NA,50.3057543075127,NA,5.37301824263147,NA,11.0047453459305,NA,3900,71200,7.12,0.39,83.66071429,576.023976023976,23.5504495504496,143.997002997003,66.0839160839161,20.8141858141858,28.730375325,14.319575675,3.96,36.9378179291027,1.23942873393705,17.3389926000217,21.2814107901535,103.123159012861,2194.606308931
W07,Old-growth,NW,0.3485663082,253.752265358003,NA,35.5259301407698,NA,3.0695058712351,3.91078468076195,8.66878207372874,NA,2300,40700,4.07,0.23,65.00994036,443.243243243243,18.6966966966967,85.4864864864865,36.2462462462462,13.5675675675676,28.730375325,14.319575675,3.82,38.4576512239001,0.773971406020547,12.8148611365612,20.6277377547696,78.2638553927842,1614.40628471957
W07,Old-growth,NE,0.3085435151,330.161915826676,121.935559367133,41.7261666616253,47.6279702911131,3.86309915374366,0.599532352821263,10.3514636119936,NA,4200,78100,7.81,0.42,82.85714286,451.948051948052,34.015984015984,99.1918081918082,57.6023976023976,22.7052947052947,28.730375325,14.319575675,3.84,38.4239124350491,1.31145529727329,13.0780041794507,21.676380793783,112.132758616823,2430.6323752356
W07,Old-growth,SW,0.3509947016,224.348998832766,NA,32.6998959051456,40.595698750243,3.03797331102037,1.82124777577459,7.43903989876873,NA,2900,59200,5.92,0.29,61.70658683,446.846846846847,12.8408408408408,94.4054054054054,39.3393393393393,14.6906906906907,28.730375325,14.319575675,3.86,37.9655819061657,0.752212640574185,13.0864898865074,23.7962617359098,103.963200936523,2473.93554038848
W07,Old-growth,SE,0.3602421796,NA,NA,NA,NA,6.49352289652723,1.52779330972027,9.64778518525395,NA,4700,89600,8.96,0.47,86.87374749,474.474474474474,28.7987987987988,107.198198198198,67.957957957958,32.4744744744745,28.730375325,14.319575675,4.08,35.6247514691519,1.64141908374644,14.8086526733309,22.2226159051854,119.680245516843,2659.60812755909
W11,Old-growth,C,0.3659536186,719.977612918473,275.85297398121,51.1312578226267,44.6911093585212,3.1420056648104,6.86806935168722,11.0727864296641,NA,6500,129100,12.91,0.65,108.502994,514.765234765235,NA,112.117882117882,76.6333666333666,NA,14.5675455,0,3.67,41.3107747934054,3.26978808836339,13.854804604647,23.1525011208609,132.521030446667,3068.19330595411
W11,Old-growth,NW,0.2983911262,393.428927724058,509.236564620766,36.5654336521198,46.228899429039,1.16983991235859,2.93043928386661,4.36659019617753,NA,4500,69800,6.98,0.45,84.11354582,386.88,23.253,53.28,35.64,13.482,14.5675455,0,4.04,35.8381337186572,0.887696109274632,12.0028790700277,18.0812286057915,118.347678249654,2139.87142539664
W11,Old-growth,NE,0.3333998802,228.98829753693,276.67313390815,33.3307850732062,38.2572452588059,0.759465034407822,6.31503110819419,6.42125351637462,NA,3400,61600,6.16,0.34,91.2,500.679320679321,17.3556443556444,84.6353646353646,35.1248751248751,14.355644355644399,14.5675455,0,3.86,37.9745758248447,0.775718539170617,14.6595709504954,21.119655189303,82.4702380952381,1741.74299195115
W11,Old-growth,SW,0.2562412622,387.144159191502,228.36655217025,24.7569509633879,40.5335796303453,0.821485731632195,0.718185373986435,2.19261577274682,2.58271403569525,3900,68300,6.83,0.39,59.5508982,347.232767232767,6.20979020979021,56.2237762237762,32.6673326673327,8.33166833166833,14.5675455,0,4.1,34.9830996165606,0.523394492104867,11.036133659257,20.4146117551613,144.873669476528,2957.53971590887
W11,Old-growth,SE,0.264764565,169.016761757169,149.824959364885,21.1386449008037,36.942638980714,0.322419495806271,1.35107751220962,2.0674626564101,0.0339882680145942,2600,44300,4.43,0.26,51.27,325.68,17.532,46.74,26.898,11.505,14.5675455,0,3.95,36.8509571038905,0.68100566067527,9.82645465401158,19.86165375008,112.182005628466,2228.12015278212
W15,Old-growth,C,0.3622,423.240259751635,584.014712030253,66.2271835094467,63.9594588007193,6.87058453498959,10.9498030292451,13.3813887066139,0.0627943944631815,10800,216600,21.66,1.08,168.3928571,778.98,48.87,139.17,82.8,NA,41.4166566,0,3.64,41.1488308310186,2.01422692766724,21.0486062704315,23.3786659265428,141.877412549364,3316.90463051387
W15,Old-growth,NW,0.2912504994,363.21659097729,376.263379720893,50.7459270902638,49.9525736561175,6.32916461632463,7.50186982678544,7.63842413464626,NA,5400,97000,9.7,0.54,107.7788845,623.28,44.19,93.21,69.09,23.832,41.4166566,0,3.92,37.5533362330164,1.57998274596641,18.4539441787384,20.939340672896,110.83406071596,2320.79215549193
W15,Old-growth,NE,0.298105683,301.979771271833,193.696471393121,32.0094017247294,52.08664598763,4.92576058112898,4.19236621806582,7.32609927410042,NA,4700,98900,9.89,0.47,98.39285714,516.863136863137,28.5614385614386,89.7602397602398,43.0669330669331,17.1818181818182,41.4166566,0,4.12,34.9540647086034,1.12737878094737,16.4411582699426,24.5292043864156,105.66896552031,2591.97565254878
W15,Old-growth,SW,0.2929554979,262.955419618334,123.924257513254,38.0516610381949,27.9719409256068,5.17563166084797,7.30780656544648,6.54772253811493,NA,5700,104800,10.48,0.57,100.4191617,690.78,34.89,102.78,54.18,21.306,41.4166566,0,3.73,39.728006234655,1.22836829961357,19.3329230184636,21.4324320376295,125.565819035455,2691.18088272667
W15,Old-growth,SE,0.3209679032,284.461825087238,233.165076166249,44.3497960355518,54.9646120623855,5.68153735337423,4.56065224902949,9.96251330667861,4.43459565751988,6100,107900,10.79,0.61,123.667992,662.217782217782,34.0759240759241,129.65034965035,67.012987012987,23.5774225774226,41.4166566,0,3.89,37.8554571326843,1.41447805215386,19.4503258061494,20.619429164221,109.115311167755,2249.89542935546
W16,Old-growth,C,0.2475810474,175.035859683814,265.935875053093,24.4025052909541,31.2906878546929,2.88344465491732,2.08809033406703,6.62571254175798,NA,2200,37200,3.72,0.22,67.18562874,445.534465534466,14.5144855144855,60.7792207792208,33.4765234765235,12.0569430569431,20.360622725,0,4.11,34.9372663014258,0.736366432354028,14.1790430941091,19.7108470214216,72.4368347366049,1427.79136820922
W16,Old-growth,NW,0.2703025478,205.089766478132,260.764740180391,23.9017959830461,37.9006338795534,1.82421913668243,2.90845709010209,3.88044277084983,3.11940589390303,3200,56000,5.6,0.32,54.46893788,306.48,8.715,44.64,32.19,11.295,20.360622725,0,4.03,35.858764978173,0.610073933963305,9.50301354112647,20.3996669442131,129.961358131354,2651.16842149722
W16,Old-growth,NE,0.248478803,186.652483058358,125.482289701229,27.2195465769084,35.6718514336897,2.87161588161456,2.86892612537147,5.22683402562722,1.10318153327608,4700,89600,8.96,0.47,66.09,325.054945054945,22.036963036963,53.4065934065934,38.6913086913087,16.6003996003996,20.360622725,0,4.22,33.7055301253678,1.02514371998472,10.7228480582532,22.2226159051854,157.316862287358,3495.99220602089
W16,Old-growth,SW,0.2898406375,421.699526984132,281.323574684381,23.2418791954533,46.875566565017,1.89249680125917,1.34397588453709,4.59678951842698,5.38729148670732,4100,76700,7.67,0.41,75.9,399.580838323353,10.9550898203593,65.059880239521,41.2275449101796,11.6467065868263,20.360622725,0,4.13,34.695952668427,0.737701803069103,12.8050233273082,21.8070307264271,119.496517974779,2605.86423917706
W16,Old-growth,SE,0.2434453195,374.980601734478,148.561311106687,23.5028342616865,46.9531529224976,2.12189328720783,1.20845922500302,4.33939673204704,4.13679643119474,2500,45400,4.54,0.25,61.01190476,360.719280719281,12.3596403596404,58.5014985014985,39.1108891108891,13.9060939060939,20.360622725,0,4.04,35.7961400309889,0.771424043904743,11.2043765248662,21.1690258118234,90.6439024418546,1918.84311047602
W19,Old-growth,C,0.3249575212,339.581645788635,358.699249988994,36.0753122138275,36.9095852277757,2.08839634446659,2.09278683769319,0.0525717661547215,13.5788034059988,2200,40100,4.01,0.22,69.8111332,293.046953046953,32.4575424575425,55.8941058941059,33.1168831168831,15.5634365634366,27.050840625,0,3.91,37.4547412373094,1.00051749105686,8.69931278224603,21.2474453107259,69.7125811118373,1481.21425464331
W19,Old-growth,NW,0.3114621748,294.149273843135,642.50067369213,28.3897701903513,53.2632605560198,0.713254133979396,3.06332887453113,4.35969126269612,4.33761002744333,2300,36300,3.63,0.23,82.03592814,318.161838161838,27.4825174825175,74.1758241758242,33.2967032967033,22.0609390609391,27.050840625,0,3.78,39.0438408281756,1.03432659187599,9.06045672597575,18.3977120515513,62.0207351435784,1141.03962639708
W19,Old-growth,NE,0.3119624863,258.098658928221,482.032773945604,26.4416274747184,57.6557015225998,0.618104741616166,2.63178573117052,5.04810345233088,0.212006535978124,3900,60100,6.01,0.39,78.78,331.916167664671,42.874251497006,76.5868263473054,36.8562874251497,19.2455089820359,27.050840625,0,3.92,37.4265864154173,1.24667104351551,9.8605860272049,17.963662759666,109.512022630834,1967.23704266923
W19,Old-growth,SW,0.3466493558,280.295472586464,663.659607665248,30.0533652229054,59.8335841876966,1.04098359026043,2.79173081999788,4.57176962361813,1.76110195857763,4800,75700,7.57,0.48,104.312749,422.757242757243,NA,77.2327672327672,54.1858141858142,32.8381618381618,27.050840625,0,3.95,37.6927370769143,2.8990653416453,12.4706163482765,18.3839855675826,101.792789626182,1871.3571753717
W19,Old-growth,SE,0.2979916067,258.119325046975,747.141135525341,28.6033186826559,75.2685856651378,0.997019527352016,2.61190304301517,5.97352376585148,19.0140527981416,3500,65500,6.55,0.35,132.09,430.51051051051,39.0690690690691,88.4084084084084,51.7117117117117,22.6426426426426,27.050840625,0,3.84,38.4335467919898,1.33619411908346,12.4545439956817,21.8151540383014,58.6153380271028,1278.70262806835
W21,Old-growth,C,0.2983524713,207.510602462991,215.496660765973,22.5390147926697,37.3879073323002,0.956653110768336,0.704850115809624,5.46203301354065,NA,2700,45600,4.56,0.27,100.86,540.659340659341,36.5034965034965,118.552447552448,51.1888111888112,17.8621378621379,26.7920323,0,4.01,36.3400688709761,1.26600990385994,16.5421708268038,19.6872976223517,59.2185773774115,1165.85375760137
W21,Old-growth,NW,0.3940635619,241.002319687257,156.384597409212,32.681896005627,42.1430641671071,2.07459536902274,3.02805940452565,12.5287522138209,NA,3100,53200,5.32,0.31,104.1035857,609.59040959041,53.4065934065934,153.077922077922,58.981018981019,18.8661338661339,26.7920323,0,4.04,36.092611299409,1.5865055998826,18.7790820031036,20.0048346807768,65.8732627798702,1317.78373179467
W21,Old-growth,NE,0.306232521,229.640996997804,83.8250051202416,27.1484393557223,44.8580213391918,2.09082298967684,0.482980764883521,5.30555848887562,NA,2700,46500,4.65,0.27,99.25149701,638.7,20.694,146.511,56.64,33.732,26.7920323,0,4.19,34.2457067756663,1.53510271845196,20.7369709531234,20.0758627070034,60.1782934688021,1208.13115762143
W21,Old-growth,SW,0.2669131608,223.639299422955,NA,27.3064916393297,NA,1.11938485124816,2.13724362020592,4.07937080027907,NA,1000,20000,2,0.1,48.24,400.999000999001,21.6143856143856,63.1678321678322,23.5474525474526,11.9070929070929,26.7920323,0,4.08,35.3060684843435,0.753605529489804,12.6284040353757,23.3139050791007,45.8570244018006,1069.10631411359
W21,Old-growth,SE,0.2990205876,207.180246770745,366.532631316691,36.0219164083274,56.3175415447486,1.61280169455125,6.10266900464273,7.09659157646865,3.97022287203085,4400,86500,8.65,0.44,139.6314741,644.444444444444,47.2072072072072,186.357357357357,NA,23.2792792792793,26.7920323,0,4.4,31.9162358629596,2.2441113232619,22.4506208348367,22.9165089697979,69.7079840642358,1597.46364207459
W22,Old-growth,C,0.3683894832,294.356502511376,708.296274174258,35.6091137448842,72.2397937953265,1.82907851657469,0.1035679798783,0.554598025524982,0.175620542440285,3400,51600,5.16,0.34,83.84462151,385.2,12.999,52.521,33.75,14.988,19.48780975,0,4.15,34.4745220426478,0.796304129490902,12.4234598737789,17.6911397364941,89.7050470123318,1586.98452176393
W22,Old-growth,NW,0.3676161919,NA,NA,NA,NA,1.33894798965712,1.29624718140635,0.854660977932291,0.285106367734692,3500,65900,6.59,0.35,90.72,452.247752247752,13.1178821178821,48.3926073926074,39.6203796203796,16.4865134865135,19.48780975,0,4,36.3024606149226,0.833168357734645,13.8514389127772,21.9483763530391,85.3450176366842,1873.18456694671
W22,Old-growth,NE,0.371665501,436.63293671853,236.412420615719,60.1520368798593,53.3247473649349,2.61794291104154,0.779460361301093,4.7369514686929,NA,3000,59500,5.95,0.3,88.68,570.27027027027,68.6486486486486,133.024024024024,48.6786786786787,29.5165165165165,19.48780975,0,3.87,38.2699628503029,1.85514381887444,16.568272450934,23.1196225367749,74.8356852890006,1730.17279616257
W22,Old-growth,SW,0.4040151818,321.044134368782,881.043303787876,41.0354541989208,93.0478855017984,2.82931162784917,NA,4.46129831499755,1.1336092668027,5500,108800,10.88,0.55,113.7,641.141141141141,14.972972972973,154.105105105105,66.4564564564565,17.0570570570571,19.48780975,0,3.88,37.8250503349465,1.01797705895131,18.8464114453864,23.0595715691469,107.007789923357,2467.55379019389
W22,Old-growth,SE,0.3560151878,380.444529685441,431.393601105323,52.5840758705679,61.6294086634669,2.27434938976728,0.767962741500398,5.84352190924789,NA,4300,73000,7.3,0.43,102.7844311,653.1,22.578,145.011,50.7,16.836,19.48780975,0,3.77,39.1408828452599,0.973107445648816,18.552549692964,19.7897101252832,92.5452832098641,1831.44432818545
W36,Old-growth,C,0.1934871641,201.624617467753,NA,25.0124115269918,52.6444021329389,1.64376770079111,2.69989126257765,2.25369444936114,NA,1900,54000,5.4,0.19,65.65868263,319.78021978022,17.7512487512488,62.8981018981019,30.1798201798202,10.000999000999,19.607249175,7.5066982,3.98,36.4880689185422,0.679863105652554,9.74440338776481,33.1302861650378,64.0139469787508,2120.80038195957
W36,Old-growth,NW,0.2505995204,164.957314186713,NA,20.6376458213148,75.4096464411555,0.276270786869258,2.37645307659815,3.39623930539215,NA,3500,56800,5.68,0.35,84.02390438,350.1,20.886,73.791,54.6,15.726,19.607249175,7.5066982,4.29,32.8932802453342,1.13482219635766,11.8342152022323,18.917568692756,92.1463963991054,1743.18578367
W36,Old-growth,NE,0.3078844809,193.49240188708,NA,26.9194334531239,67.2800574225838,0.457749308997229,4.77898140699559,5.81806408849023,NA,3000,45700,4.57,0.3,88.11377246,386.913086913087,14.8411588411588,67.2437562437562,55.5344655344655,13.0579420579421,19.607249175,7.5066982,4.06,35.6035500962046,0.908757961861456,12.082996564909,17.7574243685818,75.3165865692701,1337.42858970356
W36,Old-growth,SW,0.3774470635,283.320335830898,NA,42.8344929897245,48.6766981900185,1.98274930942031,2.07562392815001,4.30036639302726,NA,4800,119800,11.98,0.48,79.06374502,808.2,89.4,153.141,67.5,NA,19.607249175,7.5066982,4.05,36.3684282729637,2.66282684996776,24.7086404874063,29.0938107132945,134.300313140994,3907.30788926026
W36,Old-growth,SE,0.2612603615,204.396665488583,NA,31.2490101441373,36.681919443778,0.744572944767882,2.85734716363953,2.80344296435848,NA,3700,61600,6.16,0.37,48.65269461,367.2,20.394,75.351,40.77,12.117,19.607249175,7.5066982,3.8,38.705755057991,0.78994727665919,10.548280390903,19.4072507144947,168.231762640054,3264.91599569689
W56,Old-growth,C,0.236834216,164.725775419661,NA,31.7998530884103,43.0456712451652,0.845663516552106,1.90731353162276,0.478232132614107,0.213304410349275,2500,58300,5.83,0.25,47.8685259,305.705705705706,24.1441441441441,26.6576576576577,29.1801801801802,11.7507507507507,16.73628695,0,4.14,34.6118127372414,0.843101571872942,9.82050307793227,27.1840133222314,115.532221619074,3140.62945163989
W56,Old-growth,NW,0.2508971598,204.226646449525,NA,41.2080605149475,50.8988358825845,0.993391848791306,1.97401899486405,1.40356542853435,NA,4000,72300,7.23,0.4,61.81908549,582.917082917083,80.01998001998,78.002997002997,62.7872127872128,25.5134865134865,16.73628695,0,3.96,37.2498536575732,2.06672934785244,17.3994992224491,21.0699417152373,143.136563060332,3015.87904100058
W56,Old-growth,NE,0.3080130161,267.629354074517,NA,60.8105090153151,45.5190516392462,1.70486497366783,8.27587984322065,4.90340154152038,NA,4000,72100,7.21,0.4,56.31683168,551.148851148851,38.0619380619381,65.1758241758242,42.947052947053,14.5684315684316,16.73628695,0,4.02,36.1796632144495,1.15994229123135,16.9378750046112,21.0116569525395,157.121257794655,3301.37796873281
W56,Old-growth,SW,0.2300303337,206.795823316468,NA,42.5612463613431,44.5848882400535,1.46712103918587,3.18735235156693,3.11910875793207,NA,4300,79600,7.96,0.43,64.52380952,351.651651651652,58.6186186186186,60.5015015015015,57.5975975975976,19.8618618618619,16.73628695,0,3.9,37.803275997397,1.59582994193029,10.3427913010263,21.5789167941444,147.421771226416,3181.20213494023
W56,Old-growth,SE,0.1674827621,80.6475793454559,NA,18.6315336314151,28.1331243071885,0.405488009386187,0.535178653680889,4.39379300003637,NA,2300,60900,6.09,0.23,37.45508982,257.49,38.7,42.201,23.277,12.582,16.73628695,0,4.11,35.0361922193317,1.01664078419802,8.17142885497766,30.8655830286356,135.84077880683,4192.80483693673
